time;receiver;ttc;risk
20000900000;veh_1;Infinity;SAFE
20001900000;veh_2;Infinity;SAFE
20501400000;veh_1;Infinity;SAFE
20501400000;veh_2;16.401470761071973;SAFE
20700400000;veh_1;44.00731084094942;SAFE
20700400000;veh_2;9.80776277843639;SAFE
21000900000;veh_1;18.7343592161368;SAFE
21002400000;veh_2;6.663029595997654;SAFE
21100400000;veh_0;Infinity;SAFE
21100400000;veh_1;18.68563281509643;SAFE
21100900000;veh_0;Infinity;SAFE
21101900000;veh_2;6.563016327472603;SAFE
21500400000;veh_1;18.4907852195576;SAFE
21501900000;veh_2;6.162966118662291;SAFE
22001400000;veh_1;18.247369578002136;SAFE
22001900000;veh_2;5.662910942745562;SAFE
22500900000;veh_1;18.00412937060508;SAFE
22501900000;veh_2;5.162866480537402;SAFE
23001400000;veh_1;17.761072026111556;SAFE
23002400000;veh_2;4.662836178663152;SAFE
23100400000;veh_0;Infinity;SAFE
23100400000;veh_2;4.562832227210962;SAFE
23102400000;veh_1;17.712483184172985;SAFE
23500900000;veh_2;4.1628251400355145;SAFE
23502400000;veh_1;17.51820540222324;SAFE
24001900000;veh_2;3.6628412534049706;WARNING
24002400000;veh_1;17.275537818133593;SAFE
24500400000;veh_1;17.03307808710967;SAFE
24502400000;veh_2;3.1628973951411163;WARNING
25000900000;veh_1;16.790835556515464;SAFE
25001900000;veh_2;2.663016109715863;WARNING
25100400000;veh_0;Infinity;SAFE
25101400000;veh_0;Infinity;SAFE
25101400000;veh_1;16.742413976743972;SAFE
25102400000;veh_2;2.563050583295142;WARNING
25501900000;veh_1;16.548820146400697;SAFE
25501900000;veh_2;2.1632407755306797;WARNING
26000400000;veh_1;16.307042395598096;SAFE
26000400000;veh_2;1.6636740835074353;CRITICAL
26500400000;veh_2;1.1645779690313984;CRITICAL
26502400000;veh_1;16.065513511114446;SAFE
27000400000;veh_1;15.824245420964568;SAFE
27001400000;veh_2;0.6670031632729657;CRITICAL
27100400000;veh_0;Infinity;SAFE
27100900000;veh_0;Infinity;SAFE
27101900000;veh_1;15.77602420228446;SAFE
27102400000;veh_2;0.5680228979487646;CRITICAL
27501400000;veh_2;0.18375412186311454;CRITICAL
27502400000;veh_1;15.583250834289545;SAFE
28001900000;veh_1;15.34254330601737;SAFE
28002400000;veh_2;0.35051236568716404;CRITICAL
28500400000;veh_1;15.102137308793374;SAFE
28501400000;veh_2;0.8439035747238361;CRITICAL
29000900000;veh_2;1.3422773752729071;CRITICAL
29002400000;veh_1;14.862048312149064;SAFE
29100400000;veh_1;14.81406998950863;SAFE
29100400000;veh_2;1.4420964363641455;CRITICAL
29102400000;veh_0;Infinity;SAFE
29500900000;veh_1;14.622292870123058;SAFE
29500900000;veh_2;1.8415930181263516;CRITICAL
30000400000;veh_1;14.382888718433685;SAFE
30002400000;veh_2;2.3412479835609754;WARNING
30501400000;veh_1;14.143854881433567;SAFE
30502400000;veh_2;2.8410632482183;WARNING
31001400000;veh_2;3.3409668695761203;WARNING
31002400000;veh_1;13.905211792582815;SAFE
31100400000;veh_2;3.440954807994783;WARNING
31100900000;veh_0;Infinity;SAFE
31101400000;veh_1;13.857531969564498;SAFE
31101900000;veh_0;Infinity;SAFE
31501400000;veh_2;3.8408904043582788;WARNING
31502400000;veh_1;13.666981426533177;SAFE
32001400000;veh_1;13.42918744919062;SAFE
32002400000;veh_2;4.340830251303929;SAFE
32500400000;veh_1;13.191855381832706;SAFE
32500400000;veh_2;4.840805349049335;SAFE
33000400000;veh_1;12.955012789159376;SAFE
33000400000;veh_2;5.340805797525402;SAFE
33100400000;veh_0;Infinity;SAFE
33101400000;veh_1;12.90770558944585;SAFE
33101900000;veh_0;Infinity;SAFE
33102400000;veh_2;5.440808314323238;SAFE
33501400000;veh_1;12.718689487223617;SAFE
33501400000;veh_2;5.840825086465769;SAFE
34000400000;veh_1;12.482917792759482;SAFE
34002400000;veh_2;6.343564894125865;SAFE
34500400000;veh_1;12.247737670414493;SAFE
34502400000;veh_2;6.843452319473369;SAFE
35001900000;veh_1;12.013182750165132;SAFE
35002400000;veh_2;7.3433400072169785;SAFE
35100900000;veh_0;Infinity;SAFE
35101400000;veh_0;Infinity;SAFE
35101400000;veh_1;11.96635038186726;SAFE
35102400000;veh_2;7.443317571676007;SAFE
35501900000;veh_2;7.843227907309847;SAFE
35502400000;veh_1;11.77929457267676;SAFE
36000400000;veh_2;8.343115981573607;SAFE
36000900000;veh_1;11.546118462377656;SAFE
36501900000;veh_2;8.8430042004193;SAFE
36502400000;veh_1;11.313703969227165;SAFE
37000400000;veh_1;11.082105372820305;SAFE
37000400000;veh_2;9.342892540521504;SAFE
37100400000;veh_0;Infinity;SAFE
37100400000;veh_1;11.03588870427562;SAFE
37100900000;veh_0;Infinity;SAFE
37100900000;veh_2;9.442870221511807;SAFE
37500900000;veh_1;10.851382262317756;SAFE
37501400000;veh_2;9.84278098367175;SAFE
38000400000;veh_1;10.621600202469052;SAFE
38000900000;veh_2;10.342669514726254;SAFE
38501900000;veh_1;10.392831503543803;SAFE
38502400000;veh_2;10.842558121606185;SAFE
39000400000;veh_1;10.165156111458883;SAFE
39001400000;veh_2;11.342446794300162;SAFE
39100400000;veh_0;Infinity;SAFE
39100800000;veh_2;11.44242453592119;SAFE
39101900000;veh_0;Infinity;SAFE
39103800000;veh_1;10.119759863021843;SAFE
39500400000;veh_2;11.842335524342502;SAFE
39502400000;veh_1;9.938662645990318;SAFE
40000900000;veh_2;12.342224304963507;SAFE
40001900000;veh_1;9.713449609550855;SAFE
40501400000;veh_1;9.489626807458333;SAFE
40501900000;veh_2;12.842113130082295;SAFE
41000900000;veh_1;9.267317016492015;SAFE
41001900000;veh_2;13.342001994873664;SAFE
41101900000;veh_0;Infinity;SAFE
41102400000;veh_0;Infinity;SAFE
41102800000;veh_1;9.223048451457887;SAFE
41103800000;veh_2;13.4419797722097;SAFE
41501400000;veh_1;9.046657959451238;SAFE
41502400000;veh_2;13.841890894889286;SAFE
42001900000;veh_1;8.827804617182904;SAFE
42500400000;veh_1;8.610932148887624;SAFE
43000900000;veh_1;8.3962391460795;SAFE
43101900000;veh_0;Infinity;SAFE
43502400000;veh_1;8.183951738894828;SAFE
44000400000;veh_1;7.974328544284564;SAFE
44500400000;veh_1;7.767666715512396;SAFE
45002400000;veh_1;7.564309400876323;SAFE
45101400000;veh_0;Infinity;SAFE
45500400000;veh_1;7.36465499740796;SAFE
46000900000;veh_1;7.169168735395649;SAFE
46501400000;veh_1;6.978397299464174;SAFE
47001400000;veh_1;6.792987458211202;SAFE
47101400000;veh_0;Infinity;SAFE
47501400000;veh_1;6.613710053533518;SAFE
48002400000;veh_1;6.441491215674892;SAFE
48500900000;veh_1;6.277453496632897;SAFE
49000900000;veh_1;6.122970779290001;SAFE
49000900000;veh_3;13.737622519998823;SAFE
49100900000;veh_0;Infinity;SAFE
49102400000;veh_3;13.637646360558085;SAFE
49500400000;veh_3;13.237741981147087;SAFE
49500900000;veh_1;5.979793749763805;SAFE
50001400000;veh_1;5.850015986709722;SAFE
50002400000;veh_3;12.737862134168743;SAFE
50101400000;veh_0;Infinity;SAFE
50101400000;veh_1;5.825894085780088;SAFE
50500400000;veh_3;12.237983063659987;SAFE
50501400000;veh_1;5.736341134162973;SAFE
51001400000;veh_1;5.642253244444062;SAFE
51001900000;veh_3;11.738104869062818;SAFE
51100400000;veh_0;Infinity;SAFE
51101900000;veh_3;11.638129345210626;SAFE
51501400000;veh_1;5.572317210656629;SAFE
51501400000;veh_3;11.238227667092511;SAFE
52000400000;veh_1;5.532631605173478;SAFE
52001900000;veh_3;10.738351596462342;SAFE
52100400000;veh_1;5.529007786720069;SAFE
52102400000;veh_0;Infinity;SAFE
52501900000;veh_3;10.238476822920584;SAFE
52502400000;veh_1;5.531529042684511;SAFE
53000400000;veh_1;5.580697005886082;SAFE
53001400000;veh_3;9.738603545961904;SAFE
53100400000;veh_3;9.638629090732866;SAFE
53102400000;veh_0;Infinity;SAFE
53500400000;veh_1;5.697044681440032;SAFE
53501900000;veh_3;9.238728159126536;SAFE
54002400000;veh_1;5.905963358774542;SAFE
54002400000;veh_3;8.738838808111703;SAFE
54102400000;veh_0;Infinity;SAFE
54102400000;veh_1;5.962007556968644;SAFE
54500900000;veh_3;8.23894945744398;SAFE
54501900000;veh_1;6.2473557299725755;SAFE
55000400000;veh_3;7.7390601070233185;SAFE
55000900000;veh_1;6.7886448627057145;SAFE
55001900000;veh_4;13.737622519998823;SAFE
55100900000;veh_0;Infinity;SAFE
55101400000;veh_3;7.639082236992899;SAFE
55101900000;veh_4;13.637646360558085;SAFE
55500400000;veh_3;7.239170757063328;SAFE
55501400000;veh_4;13.237741981147087;SAFE
55501900000;veh_1;7.649417357508817;SAFE
56000900000;veh_1;9.066822106371497;SAFE
56001400000;veh_4;12.737862134168743;SAFE
56001900000;veh_3;6.739281407446274;SAFE
56100400000;veh_3;6.639303537609617;SAFE
56100900000;veh_0;Infinity;SAFE
56100900000;veh_1;9.455056928928695;SAFE
56101400000;veh_1;9.455056928928695;SAFE
56101400000;veh_4;12.637886254974477;SAFE
56101900000;veh_0;Infinity;SAFE
56500400000;veh_4;12.237983063659987;SAFE
56500900000;veh_3;6.239392058549324;SAFE
56501900000;veh_1;11.58131305545507;SAFE
57000400000;veh_4;11.738104869062818;SAFE
57000900000;veh_1;16.748346231391075;SAFE
57002400000;veh_3;5.7395027103659535;SAFE
57100400000;veh_3;5.639524840782522;SAFE
57101900000;veh_0;Infinity;SAFE
57101900000;veh_4;11.638129345210626;SAFE
57500400000;veh_1;31.006289463935886;SAFE
57501400000;veh_4;11.238227667092511;SAFE
57502400000;veh_3;5.263347593464829;SAFE
58001900000;veh_4;10.738351596462342;SAFE
58002400000;veh_1;121.52238378280359;SAFE
58002400000;veh_3;5.0628681891953455;SAFE
58100400000;veh_0;Infinity;SAFE
58100400000;veh_1;204.04101006023558;SAFE
58101400000;veh_0;Infinity;SAFE
58101900000;veh_1;204.04101006023558;SAFE
58101900000;veh_4;10.638376532174567;SAFE
58102400000;veh_3;5.023425278764373;SAFE
58500400000;veh_1;3263.156492110036;SAFE
58500400000;veh_4;10.238476822920584;SAFE
58501400000;veh_3;4.86769286734792;SAFE
59000900000;veh_1;104417.90723262535;SAFE
59000900000;veh_4;9.738603545961904;SAFE
59001900000;veh_3;4.677974084941716;SAFE
59100900000;veh_0;Infinity;SAFE
59100900000;veh_3;4.640673929708919;SAFE
59102400000;veh_4;9.638629090732866;SAFE
59500400000;veh_1;3341368.622187189;SAFE
59500400000;veh_4;9.238728159126536;SAFE
59500900000;veh_3;4.297227273102972;SAFE
60000900000;veh_3;3.6231497448247145;WARNING
60001900000;veh_4;8.738838808111703;SAFE
60002400000;veh_1;1.069228841995251E8;SAFE
60100900000;veh_0;Infinity;SAFE
60100900000;veh_3;3.4926301436085248;WARNING
60101400000;veh_4;8.638860937977416;SAFE
60101900000;veh_1;2.1384612880949125E8;SAFE
60102400000;veh_1;2.1384612880949125E8;SAFE
60500400000;veh_3;2.983712161003915;WARNING
60500900000;veh_4;8.23894945744398;SAFE
60501400000;veh_1;3.4216001757443404E9;SAFE
61000900000;veh_5;13.737622519998823;SAFE
61001400000;veh_1;1.0832385217454182E11;SAFE
61001900000;veh_3;2.3748862996668865;WARNING
61001900000;veh_4;7.7390601070233185;SAFE
61100900000;veh_3;2.2564870063487255;WARNING
61102400000;veh_0;Infinity;SAFE
61102400000;veh_4;7.639082236992899;SAFE
61102400000;veh_5;13.637646360558085;SAFE
61500400000;veh_4;7.239170757063328;SAFE
61500900000;veh_1;3.4791611870412837E12;SAFE
61500900000;veh_3;1.7933065435977404;CRITICAL
61500900000;veh_5;13.237741981147087;SAFE
62000900000;veh_3;1.23624006884338;CRITICAL
62000900000;veh_5;12.737862134168743;SAFE
62001400000;veh_4;6.739281407446274;SAFE
62002400000;veh_1;7.362153980054556E12;SAFE
62100400000;veh_0;Infinity;SAFE
62100400000;veh_3;1.1275860218435814;CRITICAL
62100400000;veh_5;12.637886254974477;SAFE
62100900000;veh_0;Infinity;SAFE
62100900000;veh_1;7.362153980054556E12;SAFE
62101400000;veh_1;7.362153980054556E12;SAFE
62101400000;veh_4;6.639303537609617;SAFE
62101900000;veh_0;Infinity;SAFE
62101900000;veh_4;6.639303537609617;SAFE
62102400000;veh_1;7.362153980054556E12;SAFE
62102400000;veh_3;1.1275860218435814;CRITICAL
62102400000;veh_5;12.637886254974477;SAFE
62500400000;veh_1;7.362153980054556E12;SAFE
62500900000;veh_3;0.727414738807057;CRITICAL
62500900000;veh_4;6.239392058549324;SAFE
62501900000;veh_5;12.237983063659987;SAFE
63000400000;veh_1;7.362153980054556E12;SAFE
63000400000;veh_4;5.7395027103659535;SAFE
63001400000;veh_3;0.23892416932339977;CRITICAL
63001400000;veh_5;11.738104869062818;SAFE
63100400000;veh_0;Infinity;SAFE
63100400000;veh_4;5.639524840782522;SAFE
63100400000;veh_5;11.638129345210626;SAFE
63102400000;veh_3;0.15067112551027473;CRITICAL
63500400000;veh_1;7.362153980054556E12;SAFE
63500400000;veh_3;0.291990237565016;CRITICAL
63502400000;veh_4;5.261730252746272;SAFE
63502400000;veh_5;11.238227667092511;SAFE
64000400000;veh_5;10.738351596462342;SAFE
64001400000;veh_4;5.062590673234628;SAFE
64001900000;veh_1;7.362153980054556E12;SAFE
64001900000;veh_3;0.7833599573005151;CRITICAL
64100400000;veh_0;Infinity;SAFE
64100400000;veh_1;7.362153980054556E12;SAFE
64100400000;veh_3;0.8828126899822064;CRITICAL
64100400000;veh_4;5.023254540294862;SAFE
64100900000;veh_5;10.638376532174567;SAFE
64101900000;veh_5;10.638376532174567;SAFE
64102400000;veh_0;Infinity;SAFE
64102400000;veh_3;0.8828126899822064;CRITICAL
64500900000;veh_3;1.281510175650119;CRITICAL
64501400000;veh_5;10.238476822920584;SAFE
64502400000;veh_1;7.362153980054556E12;SAFE
64502400000;veh_4;4.867646055831924;SAFE
65000400000;veh_4;4.677936529422255;SAFE
65000900000;veh_3;1.78075961921642;CRITICAL
65001400000;veh_1;7.362153980054556E12;SAFE
65002400000;veh_5;9.738603545961904;SAFE
65100400000;veh_3;1.8806644139233375;CRITICAL
65100900000;veh_4;4.640636859599218;SAFE
65101400000;veh_5;9.638629090732866;SAFE
65102400000;veh_0;Infinity;SAFE
65500400000;veh_3;2.2803864358733756;WARNING
65500400000;veh_4;4.297190727223489;SAFE
65500400000;veh_5;9.238728159126536;SAFE
65501400000;veh_1;7.362153980054556E12;SAFE
66001400000;veh_3;2.780187179935961;WARNING
66001400000;veh_4;3.6231125088055385;WARNING
66001900000;veh_1;7.362153980054556E12;SAFE
66001900000;veh_5;8.738838808111703;SAFE
66100400000;veh_0;Infinity;SAFE
66100400000;veh_1;7.362153980054556E12;SAFE
66100900000;veh_0;Infinity;SAFE
66100900000;veh_3;2.880160232535298;WARNING
66101400000;veh_1;7.362153980054556E12;SAFE
66101400000;veh_4;3.492592831924085;WARNING
66101900000;veh_1;7.362153980054556E12;SAFE
66101900000;veh_3;2.880160232535298;WARNING
66101900000;veh_5;8.638860937977416;SAFE
66102400000;veh_4;3.492592831924085;WARNING
66500900000;veh_5;8.23894945744398;SAFE
66501400000;veh_4;2.9836747236831465;WARNING
66501900000;veh_3;3.2800823461981996;WARNING
66502400000;veh_1;7.362153980054556E12;SAFE
67000900000;veh_5;7.7390601070233185;SAFE
67002400000;veh_1;7.362153980054556E12;SAFE
67002400000;veh_3;3.7800079254573307;WARNING
67002400000;veh_4;2.374849046873802;WARNING
67002400000;veh_6;13.737622519998823;SAFE
67101900000;veh_0;Infinity;SAFE
67102400000;veh_3;3.879991225777636;WARNING
67102400000;veh_4;2.256449829615871;WARNING
67102400000;veh_5;7.639082236992899;SAFE
67102400000;veh_6;13.637646360558085;SAFE
67500400000;veh_1;7.362153980054556E12;SAFE
67500900000;veh_4;1.793269786656995;CRITICAL
67500900000;veh_6;13.237741981147087;SAFE
67501400000;veh_3;4.2799425565750475;SAFE
67501900000;veh_5;7.239170757063328;SAFE
68000400000;veh_1;7.362153980054556E12;SAFE
68000400000;veh_3;4.779913978653298;SAFE
68000900000;veh_5;6.739281407446274;SAFE
68002400000;veh_4;1.236204074119901;CRITICAL
68002400000;veh_6;12.737862134168743;SAFE
68100400000;veh_0;Infinity;SAFE
68100400000;veh_1;7.362153980054556E12;SAFE
68100400000;veh_3;4.879911682825357;SAFE
68100400000;veh_4;1.1275502126799974;CRITICAL
68100400000;veh_5;6.639303537609617;SAFE
68100900000;veh_0;Infinity;SAFE
68100900000;veh_6;12.637886254974477;SAFE
68101300000;veh_6;12.637886254974477;SAFE
68101400000;veh_1;7.362153980054556E12;SAFE
68101400000;veh_3;4.879911682825357;SAFE
68101400000;veh_5;6.639303537609617;SAFE
68101800000;veh_3;4.879911682825357;SAFE
68101900000;veh_0;Infinity;SAFE
68101900000;veh_4;1.1275502126799974;CRITICAL
68101900000;veh_5;6.639303537609617;SAFE
68102400000;veh_1;7.362153980054556E12;SAFE
68500400000;veh_1;7.362153980054556E12;SAFE
68500900000;veh_3;5.279911739988189;SAFE
68500900000;veh_4;0.7273668556859131;CRITICAL
68500900000;veh_5;6.239392058549324;SAFE
68501400000;veh_6;12.237983063659987;SAFE
69000400000;veh_4;0.2388793675648651;CRITICAL
69000900000;veh_3;5.779929005118174;SAFE
69002400000;veh_1;7.362153980054556E12;SAFE
69002400000;veh_5;5.7395027103659535;SAFE
69002400000;veh_6;11.738104869062818;SAFE
69100900000;veh_5;5.639524840782522;SAFE
69101400000;veh_0;Infinity;SAFE
69101400000;veh_4;0.15063210873956612;CRITICAL
69101900000;veh_6;11.638129345210626;SAFE
69102400000;veh_3;5.879934360776258;SAFE
69501400000;veh_3;6.279961115370138;SAFE
69501400000;veh_4;0.2920362056615529;CRITICAL
69501400000;veh_5;5.261730252746272;SAFE
69501900000;veh_6;11.238227667092511;SAFE
69502400000;veh_1;7.362153980054556E12;SAFE
70000900000;veh_6;10.738351596462342;SAFE
70001400000;veh_4;0.7834078901042231;CRITICAL
70001900000;veh_1;7.362153980054556E12;SAFE
70001900000;veh_3;6.780004786186975;SAFE
70002400000;veh_5;5.062590673234628;SAFE
70100400000;veh_6;10.638376532174567;SAFE
70100900000;veh_1;7.362153980054556E12;SAFE
70100900000;veh_4;0.8828606887436793;CRITICAL
70100900000;veh_5;5.023254540294862;SAFE
70101400000;veh_1;7.362153980054556E12;SAFE
70101400000;veh_4;0.8828606887436793;CRITICAL
70101800000;veh_6;10.638376532174567;SAFE
70101900000;veh_0;Infinity;SAFE
70101900000;veh_1;7.362153980054556E12;SAFE
70101900000;veh_3;6.880014685800144;SAFE
70101900000;veh_5;5.023254540294862;SAFE
70101900000;veh_6;10.638376532174567;SAFE
70102400000;veh_0;Infinity;SAFE
70102400000;veh_3;6.880014685800144;SAFE
70102400000;veh_4;0.8828606887436793;CRITICAL
70102400000;veh_5;5.023254540294862;SAFE
70103300000;veh_3;6.880014685800144;SAFE
70500400000;veh_1;7.362153980054556E12;SAFE
70500900000;veh_3;7.280057635338865;SAFE
70500900000;veh_6;10.238476822920584;SAFE
70501400000;veh_5;4.867646055831924;SAFE
70502400000;veh_4;1.2815583025725816;CRITICAL
71000400000;veh_5;4.677936529422255;SAFE
71000900000;veh_4;1.7808078019334395;CRITICAL
71001400000;veh_3;7.780117893187476;SAFE
71001400000;veh_6;9.738603545961904;SAFE
71002400000;veh_1;7.362153980054556E12;SAFE
71100400000;veh_4;1.8807126027685541;CRITICAL
71100900000;veh_5;4.640636859599218;SAFE
71101900000;veh_0;Infinity;SAFE
71102400000;veh_3;7.880130709665674;SAFE
71102400000;veh_6;9.638629090732866;SAFE
71500400000;veh_3;8.280184217351149;SAFE
71500400000;veh_5;4.297190727223489;SAFE
71500400000;veh_6;9.238728159126536;SAFE
71500900000;veh_4;2.2804346417577497;WARNING
71501900000;veh_1;7.362153980054556E12;SAFE
72000400000;veh_6;8.738838808111703;SAFE
72001900000;veh_3;8.780255571382469;SAFE
72001900000;veh_5;3.6231125088055385;WARNING
72002400000;veh_1;7.362153980054556E12;SAFE
72002400000;veh_4;2.7802353977676453;WARNING
72100400000;veh_1;7.362153980054556E12;SAFE
72100900000;veh_1;7.362153980054556E12;SAFE
72100900000;veh_4;2.880208452116796;WARNING
72100900000;veh_5;3.492592831924085;WARNING
72100900000;veh_6;8.638860937977416;SAFE
72101400000;veh_0;Infinity;SAFE
72101400000;veh_1;7.362153980054556E12;SAFE
72101400000;veh_3;8.880270370934483;SAFE
72101400000;veh_5;3.492592831924085;WARNING
72101900000;veh_1;7.362153980054556E12;SAFE
72101900000;veh_3;8.880270370934483;SAFE
72101900000;veh_4;2.880208452116796;WARNING
72101900000;veh_6;8.638860937977416;SAFE
72102400000;veh_0;Infinity;SAFE
72102400000;veh_4;2.880208452116796;WARNING
72102400000;veh_5;3.492592831924085;WARNING
72102800000;veh_6;8.638860937977416;SAFE
72103300000;veh_3;8.880270370934483;SAFE
72500400000;veh_5;2.9836747236831465;WARNING
72500900000;veh_1;7.362153980054556E12;SAFE
72500900000;veh_4;3.28013057098564;WARNING
72501400000;veh_3;9.280331142083629;SAFE
72501400000;veh_6;8.23894945744398;SAFE
73000900000;veh_3;9.780410282739634;SAFE
73000900000;veh_7;13.737622519998823;SAFE
73001400000;veh_1;7.362153980054556E12;SAFE
73001400000;veh_4;3.7800561486414255;WARNING
73001900000;veh_6;7.7390601070233185;SAFE
73002400000;veh_5;2.374849046873802;WARNING
73100400000;veh_3;9.880426491570004;SAFE
73100900000;veh_0;Infinity;SAFE
73100900000;veh_4;3.8800394498884505;WARNING
73101400000;veh_6;7.639082236992899;SAFE
73101400000;veh_7;13.637646360558085;SAFE
73102400000;veh_5;2.256449829615871;WARNING
73501400000;veh_3;10.280492472394258;SAFE
73501400000;veh_5;1.793269786656995;CRITICAL
73501900000;veh_1;7.362153980054556E12;SAFE
73501900000;veh_4;4.27999078396268;SAFE
73501900000;veh_7;13.237741981147087;SAFE
73502400000;veh_6;7.239170757063328;SAFE
74001400000;veh_7;12.737862134168743;SAFE
74001900000;veh_1;7.362153980054556E12;SAFE
74001900000;veh_3;10.780577286719884;SAFE
74002400000;veh_4;4.779962209004091;SAFE
74002400000;veh_5;1.236204074119901;CRITICAL
74002400000;veh_6;6.739281407446274;SAFE
74100400000;veh_0;Infinity;SAFE
74100400000;veh_1;7.362153980054556E12;SAFE
74100400000;veh_3;10.880594532674362;SAFE
74100400000;veh_6;6.639303537609617;SAFE
74100400000;veh_7;12.637886254974477;SAFE
74100900000;veh_0;Infinity;SAFE
74100900000;veh_1;7.362153980054556E12;SAFE
74101400000;veh_0;Infinity;SAFE
74101400000;veh_4;4.879959913664035;SAFE
74101400000;veh_5;1.1275502126799974;CRITICAL
74101400000;veh_7;12.637886254974477;SAFE
74101900000;veh_1;7.362153980054556E12;SAFE
74101900000;veh_3;10.880594532674362;SAFE
74101900000;veh_4;4.879959913664035;SAFE
74101900000;veh_5;1.1275502126799974;CRITICAL
74101900000;veh_6;6.639303537609617;SAFE
74102300000;veh_6;6.639303537609617;SAFE
74102400000;veh_0;Infinity;SAFE
74102400000;veh_5;1.1275502126799974;CRITICAL
74102400000;veh_6;6.639303537609617;SAFE
74102800000;veh_4;4.879959913664035;SAFE
74102800000;veh_7;12.637886254974477;SAFE
74103800000;veh_3;10.880594532674362;SAFE
74103800000;veh_7;12.637886254974477;SAFE
74500900000;veh_7;12.237983063659987;SAFE
74501400000;veh_1;7.362153980054556E12;SAFE
74501400000;veh_3;11.281567460705762;SAFE
74501400000;veh_4;5.279959972535649;SAFE
74501400000;veh_5;0.7273668556859131;CRITICAL
74501400000;veh_6;6.239392058549324;SAFE
75000400000;veh_3;11.781456184251265;SAFE
75000400000;veh_6;5.7395027103659535;SAFE
75000400000;veh_7;11.738104869062818;SAFE
75000900000;veh_1;7.362153980054556E12;SAFE
75000900000;veh_4;5.779977239318779;SAFE
75001900000;veh_5;0.2388793675648651;CRITICAL
75100400000;veh_7;11.638129345210626;SAFE
75100900000;veh_5;0.15063210873956612;CRITICAL
75101400000;veh_0;Infinity;SAFE
75101400000;veh_3;11.881433935319285;SAFE
75102400000;veh_4;5.879982595234714;SAFE
75102400000;veh_6;5.639524840782522;SAFE
75500400000;veh_3;12.281344959008878;SAFE
75500900000;veh_7;11.238227667092511;SAFE
75501900000;veh_1;7.362153980054556E12;SAFE
75501900000;veh_5;0.2920362056615529;CRITICAL
75501900000;veh_6;5.261730252746272;SAFE
75502400000;veh_4;6.280009350830341;SAFE
76000400000;veh_3;12.781233779008032;SAFE
76000900000;veh_5;0.7834078901042231;CRITICAL
76000900000;veh_7;10.738351596462342;SAFE
76001900000;veh_6;5.062590673234628;SAFE
76002400000;veh_1;7.362153980054556E12;SAFE
76002400000;veh_4;6.780053022562781;SAFE
76100400000;veh_1;7.362153980054556E12;SAFE
76100400000;veh_4;6.880062922368835;SAFE
76100400000;veh_5;0.8828606887436793;CRITICAL
76100400000;veh_7;10.638376532174567;SAFE
76100900000;veh_0;Infinity;SAFE
76100900000;veh_1;7.362153980054556E12;SAFE
76100900000;veh_4;6.880062922368835;SAFE
76100900000;veh_5;0.8828606887436793;CRITICAL
76100900000;veh_6;5.023254540294862;SAFE
76101300000;veh_3;12.881211547984538;SAFE
76101400000;veh_0;Infinity;SAFE
76101400000;veh_1;7.362153980054556E12;SAFE
76101400000;veh_3;12.881211547984538;SAFE
76101400000;veh_6;5.023254540294862;SAFE
76101900000;veh_1;7.362153980054556E12;SAFE
76101900000;veh_3;12.881211547984538;SAFE
76101900000;veh_4;6.880062922368835;SAFE
76101900000;veh_6;5.023254540294862;SAFE
76102400000;veh_0;Infinity;SAFE
76102400000;veh_1;7.362153980054556E12;SAFE
76102400000;veh_5;0.8828606887436793;CRITICAL
76102800000;veh_7;10.638376532174567;SAFE
76103300000;veh_4;6.880062922368835;SAFE
76103300000;veh_6;5.023254540294862;SAFE
76104300000;veh_3;12.881211547984538;SAFE
76500900000;veh_3;13.281122639197449;SAFE
76500900000;veh_5;1.2815583025725816;CRITICAL
76501900000;veh_1;7.362153980054556E12;SAFE
76502400000;veh_4;7.2801058726070735;SAFE
76502400000;veh_6;4.867646055831924;SAFE
76502400000;veh_7;10.238476822920584;SAFE
77000400000;veh_3;13.781011535124971;SAFE
77000400000;veh_7;9.738603545961904;SAFE
77001400000;veh_5;1.7808078019334395;CRITICAL
77001900000;veh_1;7.362153980054556E12;SAFE
77001900000;veh_4;7.780166131097576;SAFE
77002400000;veh_6;4.677936529422255;SAFE
77100400000;veh_0;Infinity;SAFE
77100400000;veh_6;4.640636859599218;SAFE
77101400000;veh_4;7.880178947639734;SAFE
77101400000;veh_5;1.8807126027685541;CRITICAL
77101900000;veh_7;9.638629090732866;SAFE
77500400000;veh_4;8.280232455713593;SAFE
77500400000;veh_7;9.238728159126536;SAFE
77500900000;veh_1;7.362153980054556E12;SAFE
77502400000;veh_5;2.2804346417577497;WARNING
77502400000;veh_6;4.297190727223489;SAFE
78000400000;veh_5;2.7802353977676453;WARNING
78000400000;veh_6;3.6231125088055385;WARNING
78000900000;veh_4;8.780303810134397;SAFE
78001400000;veh_1;7.362153980054556E12;SAFE
78001900000;veh_7;8.738838808111703;SAFE
78100400000;veh_0;Infinity;SAFE
78100400000;veh_1;7.362153980054556E12;SAFE
78100400000;veh_4;8.880318609875488;SAFE
78100400000;veh_5;2.880208452116796;WARNING
78100400000;veh_7;8.638860937977416;SAFE
78100800000;veh_7;8.638860937977416;SAFE
78101400000;veh_0;Infinity;SAFE
78101400000;veh_1;7.362153980054556E12;SAFE
78101400000;veh_4;8.880318609875488;SAFE
78101400000;veh_5;2.880208452116796;WARNING
78101900000;veh_0;Infinity;SAFE
78101900000;veh_1;7.362153980054556E12;SAFE
78101900000;veh_5;2.880208452116796;WARNING
78101900000;veh_6;3.492592831924085;WARNING
78102300000;veh_4;8.880318609875488;SAFE
78102400000;veh_4;8.880318609875488;SAFE
78102400000;veh_6;3.492592831924085;WARNING
78102400000;veh_7;8.638860937977416;SAFE
78102800000;veh_0;Infinity;SAFE
78102800000;veh_1;7.362153980054556E12;SAFE
78102800000;veh_6;3.492592831924085;WARNING
78103800000;veh_7;8.638860937977416;SAFE
78500400000;veh_5;3.28013057098564;WARNING
78501900000;veh_6;2.9836747236831465;WARNING
78501900000;veh_7;8.23894945744398;SAFE
78502400000;veh_1;7.362153980054556E12;SAFE
78502400000;veh_4;9.2803793812893;SAFE
79001400000;veh_6;2.374849046873802;WARNING
79001900000;veh_4;9.780458522286596;SAFE
79002400000;veh_1;7.362153980054556E12;SAFE
79002400000;veh_5;3.7800561486414255;WARNING
79002400000;veh_7;7.7390601070233185;SAFE
79002400000;veh_8;13.737622519998823;SAFE
79100900000;veh_7;7.639082236992899;SAFE
79100900000;veh_8;13.637646360558085;SAFE
79101400000;veh_0;Infinity;SAFE
79101400000;veh_5;3.8800394498884505;WARNING
79101900000;veh_4;9.880474731175472;SAFE
79101900000;veh_6;2.256449829615871;WARNING
79500400000;veh_8;13.237741981147087;SAFE
79500900000;veh_6;1.793269786656995;CRITICAL
79501900000;veh_1;7.362153980054556E12;SAFE
79501900000;veh_4;10.280540712217512;SAFE
79501900000;veh_5;4.27999078396268;SAFE
79501900000;veh_7;7.239170757063328;SAFE
80000400000;veh_6;1.236204074119901;CRITICAL
80000400000;veh_8;12.737862134168743;SAFE
80000900000;veh_7;6.739281407446274;SAFE
80001400000;veh_1;7.362153980054556E12;SAFE
80001400000;veh_5;4.779962209004091;SAFE
80002400000;veh_4;10.78062552672498;SAFE
80100400000;veh_0;Infinity;SAFE
80100400000;veh_4;10.880642772774463;SAFE
80100400000;veh_5;4.879959913664035;SAFE
80100400000;veh_6;1.1275502126799974;CRITICAL
80100800000;veh_7;6.639303537609617;SAFE
80100900000;veh_1;7.362153980054556E12;SAFE
80100900000;veh_4;10.880642772774463;SAFE
80100900000;veh_5;4.879959913664035;SAFE
80100900000;veh_6;1.1275502126799974;CRITICAL
80100900000;veh_7;6.639303537609617;SAFE
80100900000;veh_8;12.637886254974477;SAFE
80101300000;veh_8;12.637886254974477;SAFE
80101400000;veh_1;7.362153980054556E12;SAFE
80101400000;veh_6;1.1275502126799974;CRITICAL
80101800000;veh_6;1.1275502126799974;CRITICAL
80101800000;veh_7;6.639303537609617;SAFE
80101900000;veh_0;Infinity;SAFE
80101900000;veh_1;7.362153980054556E12;SAFE
80101900000;veh_5;4.879959913664035;SAFE
80101900000;veh_7;6.639303537609617;SAFE
80101900000;veh_8;12.637886254974477;SAFE
80102300000;veh_1;7.362153980054556E12;SAFE
80102300000;veh_4;10.880642772774463;SAFE
80102400000;veh_1;7.362153980054556E12;SAFE
80102400000;veh_6;1.1275502126799974;CRITICAL
80102400000;veh_7;6.639303537609617;SAFE
80103300000;veh_0;Infinity;SAFE
80103300000;veh_4;10.880642772774463;SAFE
80103800000;veh_8;12.637886254974477;SAFE
80104200000;veh_8;12.637886254974477;SAFE
80104300000;veh_5;4.879959913664035;SAFE
80500400000;veh_1;7.362153980054556E12;SAFE
80500900000;veh_7;6.239392058549324;SAFE
80501400000;veh_5;5.279959972535649;SAFE
80501400000;veh_8;12.237983063659987;SAFE
80501900000;veh_4;11.281615681750118;SAFE
80502400000;veh_6;0.7273668556859131;CRITICAL
81000400000;veh_4;11.78150440525363;SAFE
81000400000;veh_7;5.7395027103659535;SAFE
81000400000;veh_8;11.738104869062818;SAFE
81000900000;veh_1;7.362153980054556E12;SAFE
81000900000;veh_6;0.2388793675648651;CRITICAL
81001900000;veh_5;5.779977239318779;SAFE
81100400000;veh_5;5.879982595234714;SAFE
81100400000;veh_6;0.15063210873956612;CRITICAL
81100400000;veh_7;5.639524840782522;SAFE
81101400000;veh_4;11.881482156291515;SAFE
81101900000;veh_0;Infinity;SAFE
81101900000;veh_8;11.638129345210626;SAFE
81500900000;veh_1;7.362153980054556E12;SAFE
81500900000;veh_7;5.261730252746272;SAFE
81501400000;veh_5;6.280009350830341;SAFE
81501400000;veh_8;11.238227667092511;SAFE
81501900000;veh_4;12.281393180039316;SAFE
81502400000;veh_6;0.2920362056615529;CRITICAL
82000400000;veh_8;10.738351596462342;SAFE
82000900000;veh_6;0.7834078901042231;CRITICAL
82000900000;veh_7;5.062590673234628;SAFE
82001900000;veh_1;7.362153980054556E12;SAFE
82002400000;veh_4;12.781282000066206;SAFE
82002400000;veh_5;6.780053022562781;SAFE
82100400000;veh_4;12.881259769018863;SAFE
82100400000;veh_5;6.880062922368835;SAFE
82100400000;veh_8;10.638376532174567;SAFE
82100900000;veh_0;Infinity;SAFE
82100900000;veh_5;6.880062922368835;SAFE
82100900000;veh_7;5.023254540294862;SAFE
82100900000;veh_8;10.638376532174567;SAFE
82101400000;veh_0;Infinity;SAFE
82101400000;veh_1;7.362153980054556E12;SAFE
82101400000;veh_6;0.8828606887436793;CRITICAL
82101800000;veh_7;5.023254540294862;SAFE
82101900000;veh_1;7.362153980054556E12;SAFE
82101900000;veh_5;6.880062922368835;SAFE
82101900000;veh_6;0.8828606887436793;CRITICAL
82101900000;veh_7;5.023254540294862;SAFE
82102300000;veh_5;6.880062922368835;SAFE
82102400000;veh_1;7.362153980054556E12;SAFE
82102400000;veh_4;12.881259769018863;SAFE
82102400000;veh_6;0.8828606887436793;CRITICAL
82102400000;veh_7;5.023254540294862;SAFE
82102800000;veh_4;12.881259769018863;SAFE
82102800000;veh_8;10.638376532174567;SAFE
82103300000;veh_8;10.638376532174567;SAFE
82500400000;veh_1;7.362153980054556E12;SAFE
82500400000;veh_5;7.2801058726070735;SAFE
82500400000;veh_8;10.238476822920584;SAFE
82500900000;veh_6;1.2815583025725816;CRITICAL
82501400000;veh_4;13.281170860180115;SAFE
82501400000;veh_7;4.867646055831924;SAFE
83000400000;veh_6;1.7808078019334395;CRITICAL
83000900000;veh_5;7.780166131097576;SAFE
83001400000;veh_8;9.738603545961904;SAFE
83002400000;veh_1;7.362153980054556E12;SAFE
83002400000;veh_4;13.781059756140635;SAFE
83002400000;veh_7;4.677936529422255;SAFE
83100400000;veh_8;9.638629090732866;SAFE
83100900000;veh_5;7.880178947639734;SAFE
83101400000;veh_7;4.640636859599218;SAFE
83101900000;veh_6;1.8807126027685541;CRITICAL
83102400000;veh_0;Infinity;SAFE
83500400000;veh_6;2.2804346417577497;WARNING
83501400000;veh_1;7.362153980054556E12;SAFE
83501400000;veh_7;4.297190727223489;SAFE
83501400000;veh_8;9.238728159126536;SAFE
83501900000;veh_5;8.280232455713593;SAFE
84000400000;veh_5;8.780303810134397;SAFE
84000400000;veh_7;3.6231125088055385;WARNING
84001900000;veh_6;2.7802353977676453;WARNING
84002400000;veh_1;7.362153980054556E12;SAFE
84002400000;veh_8;8.738838808111703;SAFE
84100400000;veh_0;Infinity;SAFE
84100400000;veh_1;7.362153980054556E12;SAFE
84100900000;veh_0;Infinity;SAFE
84100900000;veh_6;2.880208452116796;WARNING
84101300000;veh_8;8.638860937977416;SAFE
84101400000;veh_0;Infinity;SAFE
84101400000;veh_7;3.492592831924085;WARNING
84101400000;veh_8;8.638860937977416;SAFE
84101900000;veh_1;7.362153980054556E12;SAFE
84101900000;veh_5;8.880318609875488;SAFE
84101900000;veh_6;2.880208452116796;WARNING
84101900000;veh_7;3.492592831924085;WARNING
84101900000;veh_8;8.638860937977416;SAFE
84102400000;veh_0;Infinity;SAFE
84102400000;veh_1;7.362153980054556E12;SAFE
84102400000;veh_5;8.880318609875488;SAFE
84102400000;veh_7;3.492592831924085;WARNING
84102800000;veh_0;Infinity;SAFE
84102800000;veh_5;8.880318609875488;SAFE
84103300000;veh_7;3.492592831924085;WARNING
84104300000;veh_1;7.362153980054556E12;SAFE
84104300000;veh_8;8.638860937977416;SAFE
84501900000;veh_6;3.28013057098564;WARNING
84501900000;veh_7;2.9836747236831465;WARNING
84502400000;veh_1;7.362153980054556E12;SAFE
84502400000;veh_5;9.2803793812893;SAFE
84502400000;veh_8;8.23894945744398;SAFE
85000400000;veh_5;9.780458522286596;SAFE
85000400000;veh_6;3.7800561486414255;WARNING
85000400000;veh_8;7.7390601070233185;SAFE
85001900000;veh_1;7.362153980054556E12;SAFE
85002400000;veh_7;2.374849046873802;WARNING
85002400000;veh_9;13.737622519998823;SAFE
85100400000;veh_7;2.256449829615871;WARNING
85100400000;veh_9;13.637646360558085;SAFE
85101400000;veh_6;3.8800394498884505;WARNING
85101900000;veh_0;Infinity;SAFE
85101900000;veh_5;9.880474731175472;SAFE
85102400000;veh_8;7.639082236992899;SAFE
85500400000;veh_5;10.280540712217512;SAFE
85500400000;veh_7;1.793269786656995;CRITICAL
85500400000;veh_9;13.237741981147087;SAFE
85500900000;veh_6;4.27999078396268;SAFE
85500900000;veh_8;7.239170757063328;SAFE
85501400000;veh_1;7.362153980054556E12;SAFE
86000400000;veh_8;6.739281407446274;SAFE
86000900000;veh_1;7.362153980054556E12;SAFE
86001400000;veh_5;10.78062552672498;SAFE
86001400000;veh_6;4.779962209004091;SAFE
86001400000;veh_7;1.236204074119901;CRITICAL
86001900000;veh_9;12.737862134168743;SAFE
86100400000;veh_1;7.362153980054556E12;SAFE
86100400000;veh_6;4.879959913664035;SAFE
86100400000;veh_7;1.1275502126799974;CRITICAL
86100900000;veh_0;Infinity;SAFE
86100900000;veh_9;12.637886254974477;SAFE
86101300000;veh_5;10.880642772774463;SAFE
86101400000;veh_0;Infinity;SAFE
86101400000;veh_6;4.879959913664035;SAFE
86101400000;veh_7;1.1275502126799974;CRITICAL
86101400000;veh_8;6.639303537609617;SAFE
86101800000;veh_9;12.637886254974477;SAFE
86101900000;veh_0;Infinity;SAFE
86101900000;veh_1;7.362153980054556E12;SAFE
86101900000;veh_5;10.880642772774463;SAFE
86101900000;veh_6;4.879959913664035;SAFE
86101900000;veh_7;1.1275502126799974;CRITICAL
86102300000;veh_6;4.879959913664035;SAFE
86102400000;veh_0;Infinity;SAFE
86102400000;veh_1;7.362153980054556E12;SAFE
86102400000;veh_5;10.880642772774463;SAFE
86102400000;veh_6;4.879959913664035;SAFE
86102400000;veh_9;12.637886254974477;SAFE
86103300000;veh_0;Infinity;SAFE
86103300000;veh_8;6.639303537609617;SAFE
86103800000;veh_9;12.637886254974477;SAFE
86104300000;veh_1;7.362153980054556E12;SAFE
86104300000;veh_5;10.880642772774463;SAFE
86104300000;veh_7;1.1275502126799974;CRITICAL
86104300000;veh_8;6.639303537609617;SAFE
86105200000;veh_9;12.637886254974477;SAFE
86500400000;veh_7;0.7273668556859131;CRITICAL
86500900000;veh_5;11.281615681750118;SAFE
86500900000;veh_9;12.237983063659987;SAFE
86501400000;veh_6;5.279959972535649;SAFE
86502400000;veh_1;7.362153980054556E12;SAFE
86502400000;veh_8;6.239392058549324;SAFE
87000400000;veh_9;11.738104869062818;SAFE
87000900000;veh_6;5.779977239318779;SAFE
87001400000;veh_5;11.78150440525363;SAFE
87001900000;veh_1;7.362153980054556E12;SAFE
87001900000;veh_7;0.2388793675648651;CRITICAL
87002400000;veh_8;5.7395027103659535;SAFE
87100400000;veh_6;5.879982595234714;SAFE
87100900000;veh_7;0.15063210873956612;CRITICAL
87100900000;veh_8;5.639524840782522;SAFE
87100900000;veh_9;11.638129345210626;SAFE
87101900000;veh_0;Infinity;SAFE
87102400000;veh_5;11.881482156291515;SAFE
87500400000;veh_1;7.362153980054556E12;SAFE
87500400000;veh_6;6.280009350830341;SAFE
87500900000;veh_5;12.281393180039316;SAFE
87500900000;veh_8;5.261730252746272;SAFE
87502400000;veh_7;0.2920362056615529;CRITICAL
87502400000;veh_9;11.238227667092511;SAFE
88000400000;veh_5;12.781282000066206;SAFE
88001400000;veh_7;0.7834078901042231;CRITICAL
88001400000;veh_8;5.062590673234628;SAFE
88001900000;veh_1;7.362153980054556E12;SAFE
88002400000;veh_6;6.780053022562781;SAFE
88002400000;veh_9;10.738351596462342;SAFE
88100400000;veh_5;12.881259769018863;SAFE
88100400000;veh_6;6.880062922368835;SAFE
88100900000;veh_0;Infinity;SAFE
88100900000;veh_1;7.362153980054556E12;SAFE
88100900000;veh_6;6.880062922368835;SAFE
88100900000;veh_7;0.8828606887436793;CRITICAL
88101300000;veh_5;12.881259769018863;SAFE
88101400000;veh_0;Infinity;SAFE
88101400000;veh_1;7.362153980054556E12;SAFE
88101400000;veh_5;12.881259769018863;SAFE
88101400000;veh_7;0.8828606887436793;CRITICAL
88101400000;veh_8;5.023254540294862;SAFE
88101400000;veh_9;10.638376532174567;SAFE
88101900000;veh_1;7.362153980054556E12;SAFE
88101900000;veh_7;0.8828606887436793;CRITICAL
88101900000;veh_8;5.023254540294862;SAFE
88102300000;veh_9;10.638376532174567;SAFE
88102400000;veh_0;Infinity;SAFE
88102400000;veh_6;6.880062922368835;SAFE
88102400000;veh_8;5.023254540294862;SAFE
88102400000;veh_9;10.638376532174567;SAFE
88102800000;veh_8;5.023254540294862;SAFE
88103300000;veh_6;6.880062922368835;SAFE
88103800000;veh_5;12.881259769018863;SAFE
88103800000;veh_9;10.638376532174567;SAFE
88500900000;veh_5;13.281170860180115;SAFE
88500900000;veh_9;10.238476822920584;SAFE
88501400000;veh_6;7.2801058726070735;SAFE
88501400000;veh_7;1.2815583025725816;CRITICAL
88501900000;veh_8;4.867646055831924;SAFE
88502400000;veh_1;7.362153980054556E12;SAFE
89000900000;veh_1;7.362153980054556E12;SAFE
89001400000;veh_6;7.780166131097576;SAFE
89001400000;veh_9;9.738603545961904;SAFE
89001900000;veh_5;13.781059756140635;SAFE
89001900000;veh_7;1.7808078019334395;CRITICAL
89001900000;veh_8;4.677936529422255;SAFE
89100900000;veh_0;Infinity;SAFE
89101400000;veh_9;9.638629090732866;SAFE
89101900000;veh_6;7.880178947639734;SAFE
89101900000;veh_7;1.8807126027685541;CRITICAL
89102400000;veh_8;4.640636859599218;SAFE
89500400000;veh_1;7.362153980054556E12;SAFE
89500900000;veh_7;2.2804346417577497;WARNING
89501900000;veh_8;4.297190727223489;SAFE
89501900000;veh_9;9.238728159126536;SAFE
89502400000;veh_6;8.280232455713593;SAFE
90000400000;veh_1;7.362153980054556E12;SAFE
90000400000;veh_9;8.738838808111703;SAFE
90001400000;veh_6;8.780303810134397;SAFE
90001900000;veh_7;2.7802353977676453;WARNING
90001900000;veh_8;3.6231125088055385;WARNING
90100400000;veh_1;7.362153980054556E12;SAFE
90100400000;veh_7;2.880208452116796;WARNING
90100900000;veh_0;Infinity;SAFE
90100900000;veh_1;7.362153980054556E12;SAFE
90100900000;veh_6;8.880318609875488;SAFE
90100900000;veh_7;2.880208452116796;WARNING
90100900000;veh_8;3.492592831924085;WARNING
90100900000;veh_9;8.638860937977416;SAFE
90101400000;veh_7;2.880208452116796;WARNING
90101400000;veh_8;3.492592831924085;WARNING
90101400000;veh_9;8.638860937977416;SAFE
90101800000;veh_6;8.880318609875488;SAFE
90101800000;veh_9;8.638860937977416;SAFE
90101900000;veh_0;Infinity;SAFE
90101900000;veh_1;7.362153980054556E12;SAFE
90102300000;veh_0;Infinity;SAFE
90102400000;veh_1;7.362153980054556E12;SAFE
90102400000;veh_6;8.880318609875488;SAFE
90102400000;veh_7;2.880208452116796;WARNING
90102400000;veh_8;3.492592831924085;WARNING
90102800000;veh_1;7.362153980054556E12;SAFE
90102800000;veh_9;8.638860937977416;SAFE
90103300000;veh_8;3.492592831924085;WARNING
90500900000;veh_1;7.362153980054556E12;SAFE
90501400000;veh_8;2.9836747236831465;WARNING
90501400000;veh_9;8.23894945744398;SAFE
90501900000;veh_6;9.2803793812893;SAFE
90502400000;veh_7;3.28013057098564;WARNING
91000400000;veh_9;7.7390601070233185;SAFE
91001400000;veh_1;7.362153980054556E12;SAFE
91001900000;veh_6;9.780458522286596;SAFE
91001900000;veh_7;3.7800561486414255;WARNING
91001900000;veh_8;2.374849046873802;WARNING
91002400000;veh_10;13.737622519998823;SAFE
91100900000;veh_0;Infinity;SAFE
91101900000;veh_10;13.637646360558085;SAFE
91101900000;veh_6;9.880474731175472;SAFE
91102400000;veh_7;3.8800394498884505;WARNING
91102400000;veh_8;2.256449829615871;WARNING
91102400000;veh_9;7.639082236992899;SAFE
91500400000;veh_1;7.362153980054556E12;SAFE
91500400000;veh_10;13.237741981147087;SAFE
91500400000;veh_7;4.27999078396268;SAFE
91500900000;veh_9;7.239170757063328;SAFE
91501400000;veh_8;1.793269786656995;CRITICAL
91501900000;veh_6;10.280540712217512;SAFE
92000400000;veh_6;10.78062552672498;SAFE
92000900000;veh_9;6.739281407446274;SAFE
92001400000;veh_7;4.779962209004091;SAFE
92001900000;veh_1;7.362153980054556E12;SAFE
92001900000;veh_10;12.737862134168743;SAFE
92001900000;veh_8;1.236204074119901;CRITICAL
92100400000;veh_1;7.362153980054556E12;SAFE
92100400000;veh_8;1.1275502126799974;CRITICAL
92100900000;veh_0;Infinity;SAFE
92100900000;veh_1;7.362153980054556E12;SAFE
92100900000;veh_6;10.880642772774463;SAFE
92100900000;veh_7;4.879959913664035;SAFE
92100900000;veh_8;1.1275502126799974;CRITICAL
92100900000;veh_9;6.639303537609617;SAFE
92101400000;veh_0;Infinity;SAFE
92101400000;veh_1;7.362153980054556E12;SAFE
92101400000;veh_10;12.637886254974477;SAFE
92101400000;veh_7;4.879959913664035;SAFE
92101400000;veh_8;1.1275502126799974;CRITICAL
92101900000;veh_0;Infinity;SAFE
92101900000;veh_7;4.879959913664035;SAFE
92101900000;veh_9;6.639303537609617;SAFE
92102300000;veh_6;10.880642772774463;SAFE
92102300000;veh_7;4.879959913664035;SAFE
92102400000;veh_0;Infinity;SAFE
92102400000;veh_6;10.880642772774463;SAFE
92102400000;veh_7;4.879959913664035;SAFE
92102400000;veh_9;6.639303537609617;SAFE
92102800000;veh_10;12.637886254974477;SAFE
92102800000;veh_6;10.880642772774463;SAFE
92102800000;veh_9;6.639303537609617;SAFE
92103300000;veh_1;7.362153980054556E12;SAFE
92103300000;veh_8;1.1275502126799974;CRITICAL
92103300000;veh_9;6.639303537609617;SAFE
92104300000;veh_0;Infinity;SAFE
92104300000;veh_10;12.637886254974477;SAFE
92104700000;veh_10;12.637886254974477;SAFE
92500900000;veh_1;7.362153980054556E12;SAFE
92500900000;veh_9;6.239392058549324;SAFE
92501900000;veh_10;12.237983063659987;SAFE
92501900000;veh_8;0.7273668556859131;CRITICAL
92502400000;veh_6;11.281615681750118;SAFE
92502400000;veh_7;5.279959972535649;SAFE
93000400000;veh_7;5.779977239318779;SAFE
93000900000;veh_1;7.362153980054556E12;SAFE
93000900000;veh_6;11.78150440525363;SAFE
93001900000;veh_9;5.7395027103659535;SAFE
93002400000;veh_10;11.738104869062818;SAFE
93002400000;veh_8;0.2388793675648651;CRITICAL
93100400000;veh_10;11.638129345210626;SAFE
93100400000;veh_7;5.879982595234714;SAFE
93100900000;veh_0;Infinity;SAFE
93100900000;veh_9;5.639524840782522;SAFE
93101400000;veh_6;11.881482156291515;SAFE
93101900000;veh_8;0.15063210873956612;CRITICAL
93500400000;veh_10;11.238227667092511;SAFE
93500400000;veh_9;5.261730252746272;SAFE
93501400000;veh_6;12.281393180039316;SAFE
93501900000;veh_8;0.2920362056615529;CRITICAL
93502400000;veh_1;7.362153980054556E12;SAFE
93502400000;veh_7;6.280009350830341;SAFE
94000400000;veh_1;7.362153980054556E12;SAFE
94000400000;veh_9;5.062590673234628;SAFE
94000900000;veh_10;10.738351596462342;SAFE
94000900000;veh_7;6.780053022562781;SAFE
94000900000;veh_8;0.7834078901042231;CRITICAL
94001900000;veh_6;12.781282000066206;SAFE
94100400000;veh_1;7.362153980054556E12;SAFE
94100400000;veh_6;12.881259769018863;SAFE
94100400000;veh_9;5.023254540294862;SAFE
94100900000;veh_0;Infinity;SAFE
94100900000;veh_8;0.8828606887436793;CRITICAL
94101400000;veh_0;Infinity;SAFE
94101400000;veh_1;7.362153980054556E12;SAFE
94101400000;veh_10;10.638376532174567;SAFE
94101400000;veh_9;5.023254540294862;SAFE
94101900000;veh_0;Infinity;SAFE
94101900000;veh_10;10.638376532174567;SAFE
94101900000;veh_7;6.880062922368835;SAFE
94101900000;veh_8;0.8828606887436793;CRITICAL
94102300000;veh_6;12.881259769018863;SAFE
94102400000;veh_0;Infinity;SAFE
94102400000;veh_6;12.881259769018863;SAFE
94102400000;veh_7;6.880062922368835;SAFE
94102800000;veh_10;10.638376532174567;SAFE
94103300000;veh_9;5.023254540294862;SAFE
94103800000;veh_10;10.638376532174567;SAFE
94103800000;veh_6;12.881259769018863;SAFE
94104300000;veh_7;6.880062922368835;SAFE
94500400000;veh_10;10.238476822920584;SAFE
94500400000;veh_7;7.2801058726070735;SAFE
94500900000;veh_6;13.281170860180115;SAFE
94501400000;veh_1;7.362153980054556E12;SAFE
94502400000;veh_8;1.2815583025725816;CRITICAL
94502400000;veh_9;4.867646055831924;SAFE
95000400000;veh_7;7.780166131097576;SAFE
95000400000;veh_9;4.677936529422255;SAFE
95000900000;veh_10;9.738603545961904;SAFE
95001400000;veh_6;13.781059756140635;SAFE
95001400000;veh_8;1.7808078019334395;CRITICAL
95002400000;veh_1;7.362153980054556E12;SAFE
95100400000;veh_8;1.8807126027685541;CRITICAL
95100900000;veh_0;Infinity;SAFE
95101400000;veh_9;4.640636859599218;SAFE
95101900000;veh_10;9.638629090732866;SAFE
95102400000;veh_7;7.880178947639734;SAFE
95500900000;veh_10;9.238728159126536;SAFE
95500900000;veh_9;4.297190727223489;SAFE
95501400000;veh_8;2.2804346417577497;WARNING
95502400000;veh_1;7.362153980054556E12;SAFE
95502400000;veh_7;8.280232455713593;SAFE
96000400000;veh_7;8.780303810134397;SAFE
96000900000;veh_1;7.362153980054556E12;SAFE
96000900000;veh_10;8.738838808111703;SAFE
96000900000;veh_9;3.6231125088055385;WARNING
96001400000;veh_8;2.7802353977676453;WARNING
96100400000;veh_0;Infinity;SAFE
96100400000;veh_1;7.362153980054556E12;SAFE
96100400000;veh_7;8.880318609875488;SAFE
96100800000;veh_10;8.638860937977416;SAFE
96100900000;veh_0;Infinity;SAFE
96100900000;veh_1;7.362153980054556E12;SAFE
96100900000;veh_8;2.880208452116796;WARNING
96101300000;veh_10;8.638860937977416;SAFE
96101400000;veh_10;8.638860937977416;SAFE
96101400000;veh_8;2.880208452116796;WARNING
96101400000;veh_9;3.492592831924085;WARNING
96101900000;veh_0;Infinity;SAFE
96101900000;veh_7;8.880318609875488;SAFE
96102300000;veh_1;7.362153980054556E12;SAFE
96102400000;veh_10;8.638860937977416;SAFE
96102400000;veh_7;8.880318609875488;SAFE
96102400000;veh_8;2.880208452116796;WARNING
96102400000;veh_9;3.492592831924085;WARNING
96102800000;veh_9;3.492592831924085;WARNING
96103300000;veh_0;Infinity;SAFE
96103300000;veh_7;8.880318609875488;SAFE
96500400000;veh_1;7.362153980054556E12;SAFE
96500900000;veh_10;8.23894945744398;SAFE
96501900000;veh_7;9.2803793812893;SAFE
96501900000;veh_9;2.9836747236831465;WARNING
96502400000;veh_8;3.28013057098564;WARNING
97000900000;veh_8;3.7800561486414255;WARNING
97001400000;veh_10;7.7390601070233185;SAFE
97001900000;veh_1;7.362153980054556E12;SAFE
97001900000;veh_11;13.737622519998823;SAFE
97002400000;veh_7;9.780458522286596;SAFE
97002400000;veh_9;2.374849046873802;WARNING
97100900000;veh_9;2.256449829615871;WARNING
97101900000;veh_10;7.639082236992899;SAFE
97101900000;veh_8;3.8800394498884505;WARNING
97102400000;veh_0;Infinity;SAFE
97102400000;veh_11;13.637646360558085;SAFE
97102400000;veh_7;9.880474731175472;SAFE
97500400000;veh_10;7.239170757063328;SAFE
97500900000;veh_1;7.362153980054556E12;SAFE
97501400000;veh_7;10.280540712217512;SAFE
97501900000;veh_9;1.793269786656995;CRITICAL
97502400000;veh_11;13.237741981147087;SAFE
97502400000;veh_8;4.27999078396268;SAFE
98000400000;veh_1;7.362153980054556E12;SAFE
98000400000;veh_11;12.737862134168743;SAFE
98000400000;veh_7;10.78062552672498;SAFE
98000900000;veh_9;1.236204074119901;CRITICAL
98002400000;veh_10;6.739281407446274;SAFE
98002400000;veh_8;4.779962209004091;SAFE
98100400000;veh_1;7.362153980054556E12;SAFE
98100400000;veh_8;4.879959913664035;SAFE
98100900000;veh_0;Infinity;SAFE
98100900000;veh_10;6.639303537609617;SAFE
98100900000;veh_11;12.637886254974477;SAFE
98100900000;veh_9;1.1275502126799974;CRITICAL
98101300000;veh_7;10.880642772774463;SAFE
98101300000;veh_8;4.879959913664035;SAFE
98101400000;veh_0;Infinity;SAFE
98101400000;veh_1;7.362153980054556E12;SAFE
98101400000;veh_10;6.639303537609617;SAFE
98101400000;veh_7;10.880642772774463;SAFE
98101400000;veh_8;4.879959913664035;SAFE
98101400000;veh_9;1.1275502126799974;CRITICAL
98101800000;veh_0;Infinity;SAFE
98101900000;veh_1;7.362153980054556E12;SAFE
98101900000;veh_10;6.639303537609617;SAFE
98101900000;veh_11;12.637886254974477;SAFE
98101900000;veh_7;10.880642772774463;SAFE
98101900000;veh_8;4.879959913664035;SAFE
98101900000;veh_9;1.1275502126799974;CRITICAL
98102300000;veh_1;7.362153980054556E12;SAFE
98102300000;veh_11;12.637886254974477;SAFE
98102400000;veh_7;10.880642772774463;SAFE
98102800000;veh_10;6.639303537609617;SAFE
98103300000;veh_10;6.639303537609617;SAFE
98103300000;veh_7;10.880642772774463;SAFE
98103300000;veh_9;1.1275502126799974;CRITICAL
98103800000;veh_11;12.637886254974477;SAFE
98104200000;veh_11;12.637886254974477;SAFE
98500400000;veh_10;6.239392058549324;SAFE
98500900000;veh_1;7.362153980054556E12;SAFE
98501400000;veh_8;5.279959972535649;SAFE
98502400000;veh_11;12.237983063659987;SAFE
98502400000;veh_7;11.281615681750118;SAFE
98502400000;veh_9;0.7273668556859131;CRITICAL
99000400000;veh_8;5.779977239318779;SAFE
99001900000;veh_7;11.78150440525363;SAFE
99002400000;veh_1;7.362153980054556E12;SAFE
99002400000;veh_10;5.7395027103659535;SAFE
99002400000;veh_11;11.738104869062818;SAFE
99002400000;veh_9;0.2388793675648651;CRITICAL
99100400000;veh_0;Infinity;SAFE
99100900000;veh_8;5.879982595234714;SAFE
99101400000;veh_10;5.639524840782522;SAFE
99101400000;veh_11;11.638129345210626;SAFE
99101400000;veh_7;11.881482156291515;SAFE
99102400000;veh_9;0.15063210873956612;CRITICAL
99500900000;veh_1;7.362153980054556E12;SAFE
99501900000;veh_7;12.281393180039316;SAFE
99501900000;veh_9;0.2920362056615529;CRITICAL
99502400000;veh_10;5.261730252746272;SAFE
99502400000;veh_11;11.238227667092511;SAFE
99502400000;veh_8;6.280009350830341;SAFE
100000400000;veh_11;10.738351596462342;SAFE
100001400000;veh_8;6.780053022562781;SAFE
100001900000;veh_10;5.062590673234628;SAFE
100002400000;veh_1;7.362153980054556E12;SAFE
100002400000;veh_7;12.781282000066206;SAFE
100002400000;veh_9;0.7834078901042231;CRITICAL
100100400000;veh_0;Infinity;SAFE
100100400000;veh_1;7.362153980054556E12;SAFE
100100400000;veh_7;12.881259769018863;SAFE
100100400000;veh_8;6.880062922368835;SAFE
100100400000;veh_9;0.8828606887436793;CRITICAL
100100800000;veh_10;5.023254540294862;SAFE
100100800000;veh_11;10.638376532174567;SAFE
100100900000;veh_1;7.362153980054556E12;SAFE
100100900000;veh_9;0.8828606887436793;CRITICAL
100101400000;veh_1;7.362153980054556E12;SAFE
100101400000;veh_10;5.023254540294862;SAFE
100101400000;veh_11;10.638376532174567;SAFE
100101400000;veh_7;12.881259769018863;SAFE
100101400000;veh_8;6.880062922368835;SAFE
100101400000;veh_9;0.8828606887436793;CRITICAL
100101900000;veh_11;10.638376532174567;SAFE
100101900000;veh_8;6.880062922368835;SAFE
100102300000;veh_11;10.638376532174567;SAFE
100102300000;veh_7;12.881259769018863;SAFE
100102400000;veh_0;Infinity;SAFE
100102400000;veh_10;5.023254540294862;SAFE
100102800000;veh_7;12.881259769018863;SAFE
100104800000;veh_8;6.880062922368835;SAFE
100500400000;veh_8;7.2801058726070735;SAFE
100500900000;veh_11;10.238476822920584;SAFE
100500900000;veh_7;13.281170860180115;SAFE
100500900000;veh_9;1.2815583025725816;CRITICAL
100501900000;veh_1;7.362153980054556E12;SAFE
100502400000;veh_10;4.867646055831924;SAFE
101000400000;veh_11;9.738603545961904;SAFE
101000900000;veh_1;7.362153980054556E12;SAFE
101001400000;veh_10;4.677936529422255;SAFE
101001400000;veh_8;7.780166131097576;SAFE
101001400000;veh_9;1.7808078019334395;CRITICAL
101001900000;veh_7;13.781059756140635;SAFE
101100900000;veh_8;7.880178947639734;SAFE
101101400000;veh_0;Infinity;SAFE
101101900000;veh_11;9.638629090732866;SAFE
101101900000;veh_9;1.8807126027685541;CRITICAL
101102400000;veh_10;4.640636859599218;SAFE
101500900000;veh_1;7.362153980054556E12;SAFE
101500900000;veh_10;4.297190727223489;SAFE
101500900000;veh_11;9.238728159126536;SAFE
101501400000;veh_9;2.2804346417577497;WARNING
101501900000;veh_8;8.280232455713593;SAFE
102000400000;veh_8;8.780303810134397;SAFE
102000900000;veh_10;3.6231125088055385;WARNING
102000900000;veh_11;8.738838808111703;SAFE
102001400000;veh_9;2.7802353977676453;WARNING
102001900000;veh_1;7.362153980054556E12;SAFE
102100400000;veh_10;3.492592831924085;WARNING
102100900000;veh_0;Infinity;SAFE
102100900000;veh_1;7.362153980054556E12;SAFE
102100900000;veh_9;2.880208452116796;WARNING
102101400000;veh_0;Infinity;SAFE
102101400000;veh_1;7.362153980054556E12;SAFE
102101400000;veh_10;3.492592831924085;WARNING
102101400000;veh_8;8.880318609875488;SAFE
102101400000;veh_9;2.880208452116796;WARNING
102101800000;veh_11;8.638860937977416;SAFE
102101900000;veh_0;Infinity;SAFE
102101900000;veh_10;3.492592831924085;WARNING
102102400000;veh_1;7.362153980054556E12;SAFE
102102400000;veh_11;8.638860937977416;SAFE
102102400000;veh_8;8.880318609875488;SAFE
102102800000;veh_11;8.638860937977416;SAFE
102103300000;veh_8;8.880318609875488;SAFE
102103800000;veh_0;Infinity;SAFE
102103800000;veh_1;7.362153980054556E12;SAFE
102103800000;veh_10;3.492592831924085;WARNING
102500400000;veh_11;8.23894945744398;SAFE
102500400000;veh_8;9.2803793812893;SAFE
102500900000;veh_1;7.362153980054556E12;SAFE
102501400000;veh_9;3.28013057098564;WARNING
102502400000;veh_10;2.9836747236831465;WARNING
103000900000;veh_9;3.7800561486414255;WARNING
103001400000;veh_10;2.374849046873802;WARNING
103001400000;veh_11;7.7390601070233185;SAFE
103001400000;veh_8;9.780458522286596;SAFE
103001900000;veh_12;13.737622519998823;SAFE
103002400000;veh_1;7.362153980054556E12;SAFE
103100400000;veh_10;2.256449829615871;WARNING
103100400000;veh_9;3.8800394498884505;WARNING
103100900000;veh_0;Infinity;SAFE
103100900000;veh_12;13.637646360558085;SAFE
103101400000;veh_8;9.880474731175472;SAFE
103101900000;veh_11;7.639082236992899;SAFE
103500400000;veh_10;1.793269786656995;CRITICAL
103500400000;veh_8;10.280540712217512;SAFE
103500900000;veh_1;7.362153980054556E12;SAFE
103501400000;veh_11;7.239170757063328;SAFE
103502400000;veh_12;13.237741981147087;SAFE
103502400000;veh_9;4.27999078396268;SAFE
104000400000;veh_11;6.739281407446274;SAFE
104000900000;veh_12;12.737862134168743;SAFE
104000900000;veh_8;10.78062552672498;SAFE
104000900000;veh_9;4.779962209004091;SAFE
104001400000;veh_1;7.362153980054556E12;SAFE
104001900000;veh_10;1.236204074119901;CRITICAL
104100400000;veh_0;Infinity;SAFE
104100400000;veh_1;7.362153980054556E12;SAFE
104100400000;veh_12;12.637886254974477;SAFE
104100900000;veh_0;Infinity;SAFE
104100900000;veh_10;1.1275502126799974;CRITICAL
104100900000;veh_12;12.637886254974477;SAFE
104100900000;veh_8;10.880642772774463;SAFE
104100900000;veh_9;4.879959913664035;SAFE
104101400000;veh_0;Infinity;SAFE
104101400000;veh_1;7.362153980054556E12;SAFE
104101400000;veh_8;10.880642772774463;SAFE
104101400000;veh_9;4.879959913664035;SAFE
104101900000;veh_1;7.362153980054556E12;SAFE
104101900000;veh_11;6.639303537609617;SAFE
104101900000;veh_9;4.879959913664035;SAFE
104102300000;veh_0;Infinity;SAFE
104102300000;veh_11;6.639303537609617;SAFE
104102400000;veh_0;Infinity;SAFE
104102400000;veh_10;1.1275502126799974;CRITICAL
104102400000;veh_11;6.639303537609617;SAFE
104102400000;veh_9;4.879959913664035;SAFE
104102800000;veh_10;1.1275502126799974;CRITICAL
104102800000;veh_11;6.639303537609617;SAFE
104102800000;veh_12;12.637886254974477;SAFE
104102800000;veh_9;4.879959913664035;SAFE
104103300000;veh_1;7.362153980054556E12;SAFE
104103300000;veh_8;10.880642772774463;SAFE
104103800000;veh_8;10.880642772774463;SAFE
104104200000;veh_12;12.637886254974477;SAFE
104500400000;veh_11;6.239392058549324;SAFE
104500400000;veh_8;11.281615681750118;SAFE
104500900000;veh_12;12.237983063659987;SAFE
104501400000;veh_9;5.279959972535649;SAFE
104501900000;veh_1;7.362153980054556E12;SAFE
104501900000;veh_10;0.7273668556859131;CRITICAL
105000400000;veh_8;11.78150440525363;SAFE
105000900000;veh_1;7.362153980054556E12;SAFE
105001400000;veh_10;0.2388793675648651;CRITICAL
105001400000;veh_11;5.7395027103659535;SAFE
105001400000;veh_9;5.779977239318779;SAFE
105002400000;veh_12;11.738104869062818;SAFE
105100400000;veh_0;Infinity;SAFE
105100900000;veh_10;0.15063210873956612;CRITICAL
105101400000;veh_11;5.639524840782522;SAFE
105101400000;veh_9;5.879982595234714;SAFE
105102400000;veh_12;11.638129345210626;SAFE
105102400000;veh_8;11.881482156291515;SAFE
105500400000;veh_8;12.281393180039316;SAFE
105500900000;veh_1;7.362153980054556E12;SAFE
105501400000;veh_11;5.261730252746272;SAFE
105501400000;veh_12;11.238227667092511;SAFE
105501900000;veh_10;0.2920362056615529;CRITICAL
105502400000;veh_9;6.280009350830341;SAFE
106000400000;veh_1;7.362153980054556E12;SAFE
106000400000;veh_9;6.780053022562781;SAFE
106000900000;veh_11;5.062590673234628;SAFE
106001400000;veh_12;10.738351596462342;SAFE
106001400000;veh_8;12.781282000066206;SAFE
106002400000;veh_10;0.7834078901042231;CRITICAL
106100400000;veh_0;Infinity;SAFE
106100400000;veh_8;12.881259769018863;SAFE
106100400000;veh_9;6.880062922368835;SAFE
106100900000;veh_0;Infinity;SAFE
106100900000;veh_10;0.8828606887436793;CRITICAL
106100900000;veh_12;10.638376532174567;SAFE
106100900000;veh_9;6.880062922368835;SAFE
106101300000;veh_8;12.881259769018863;SAFE
106101400000;veh_0;Infinity;SAFE
106101400000;veh_1;7.362153980054556E12;SAFE
106101400000;veh_10;0.8828606887436793;CRITICAL
106101400000;veh_11;5.023254540294862;SAFE
106101400000;veh_12;10.638376532174567;SAFE
106101800000;veh_8;12.881259769018863;SAFE
106101900000;veh_0;Infinity;SAFE
106101900000;veh_11;5.023254540294862;SAFE
106101900000;veh_9;6.880062922368835;SAFE
106102400000;veh_0;Infinity;SAFE
106102400000;veh_1;7.362153980054556E12;SAFE
106102400000;veh_10;0.8828606887436793;CRITICAL
106102400000;veh_8;12.881259769018863;SAFE
106102800000;veh_11;5.023254540294862;SAFE
106102800000;veh_12;10.638376532174567;SAFE
106103300000;veh_9;6.880062922368835;SAFE
106103800000;veh_12;10.638376532174567;SAFE
106500400000;veh_9;7.2801058726070735;SAFE
106500900000;veh_12;10.238476822920584;SAFE
106500900000;veh_8;13.281170860180115;SAFE
106501400000;veh_1;7.362153980054556E12;SAFE
106501900000;veh_11;4.867646055831924;SAFE
106502400000;veh_10;1.2815583025725816;CRITICAL
107000400000;veh_12;9.738603545961904;SAFE
107000900000;veh_11;4.677936529422255;SAFE
107001400000;veh_9;7.780166131097576;SAFE
107001900000;veh_10;1.7808078019334395;CRITICAL
107001900000;veh_8;13.781059756140635;SAFE
107002400000;veh_1;7.362153980054556E12;SAFE
107100900000;veh_9;7.880178947639734;SAFE
107101900000;veh_0;Infinity;SAFE
107101900000;veh_10;1.8807126027685541;CRITICAL
107101900000;veh_11;4.640636859599218;SAFE
107101900000;veh_12;9.638629090732866;SAFE
107500400000;veh_10;2.2804346417577497;WARNING
107500900000;veh_1;7.362153980054556E12;SAFE
107502400000;veh_11;4.297190727223489;SAFE
107502400000;veh_12;9.238728159126536;SAFE
107502400000;veh_9;8.280232455713593;SAFE
108000400000;veh_1;7.362153980054556E12;SAFE
108000400000;veh_10;2.7802353977676453;WARNING
108000900000;veh_9;8.780303810134397;SAFE
108001900000;veh_12;8.738838808111703;SAFE
108002400000;veh_11;3.6231125088055385;WARNING
108100400000;veh_1;7.362153980054556E12;SAFE
108100400000;veh_10;2.880208452116796;WARNING
108100900000;veh_10;2.880208452116796;WARNING
108100900000;veh_11;3.492592831924085;WARNING
108100900000;veh_12;8.638860937977416;SAFE
108100900000;veh_9;8.880318609875488;SAFE
108101400000;veh_0;Infinity;SAFE
108101400000;veh_11;3.492592831924085;WARNING
108101900000;veh_0;Infinity;SAFE
108101900000;veh_1;7.362153980054556E12;SAFE
108101900000;veh_10;2.880208452116796;WARNING
108101900000;veh_12;8.638860937977416;SAFE
108101900000;veh_9;8.880318609875488;SAFE
108102400000;veh_0;Infinity;SAFE
108102400000;veh_1;7.362153980054556E12;SAFE
108102400000;veh_10;2.880208452116796;WARNING
108102400000;veh_11;3.492592831924085;WARNING
108102400000;veh_9;8.880318609875488;SAFE
108102800000;veh_1;7.362153980054556E12;SAFE
108103300000;veh_0;Infinity;SAFE
108103300000;veh_12;8.638860937977416;SAFE
108103800000;veh_9;8.880318609875488;SAFE
108104300000;veh_11;3.492592831924085;WARNING
108104300000;veh_12;8.638860937977416;SAFE
108501400000;veh_11;2.9836747236831465;WARNING
108501900000;veh_10;3.28013057098564;WARNING
108501900000;veh_9;9.2803793812893;SAFE
108502400000;veh_1;7.362153980054556E12;SAFE
108502400000;veh_12;8.23894945744398;SAFE
109001400000;veh_10;3.7800561486414255;WARNING
109001400000;veh_12;7.7390601070233185;SAFE
109001400000;veh_9;9.780458522286596;SAFE
109001900000;veh_11;2.374849046873802;WARNING
109001900000;veh_13;13.737622519998823;SAFE
109002400000;veh_1;7.362153980054556E12;SAFE
109100400000;veh_10;3.8800394498884505;WARNING
109100900000;veh_0;Infinity;SAFE
109100900000;veh_11;2.256449829615871;WARNING
109100900000;veh_9;9.880474731175472;SAFE
109102400000;veh_12;7.639082236992899;SAFE
109102400000;veh_13;13.637646360558085;SAFE
109500900000;veh_11;1.793269786656995;CRITICAL
109500900000;veh_9;10.280540712217512;SAFE
109501900000;veh_1;7.362153980054556E12;SAFE
109501900000;veh_10;4.27999078396268;SAFE
109501900000;veh_12;7.239170757063328;SAFE
109502400000;veh_13;13.237741981147087;SAFE
110000400000;veh_12;6.739281407446274;SAFE
110000900000;veh_11;1.236204074119901;CRITICAL
110001400000;veh_10;4.779962209004091;SAFE
110001400000;veh_13;12.737862134168743;SAFE
110001400000;veh_9;10.78062552672498;SAFE
110002400000;veh_1;7.362153980054556E12;SAFE
110100400000;veh_10;4.879959913664035;SAFE
110100400000;veh_11;1.1275502126799974;CRITICAL
110100400000;veh_12;6.639303537609617;SAFE
110100400000;veh_9;10.880642772774463;SAFE
110100900000;veh_0;Infinity;SAFE
110100900000;veh_1;7.362153980054556E12;SAFE
110100900000;veh_11;1.1275502126799974;CRITICAL
110100900000;veh_12;6.639303537609617;SAFE
110100900000;veh_13;12.637886254974477;SAFE
110101400000;veh_0;Infinity;SAFE
110101400000;veh_1;7.362153980054556E12;SAFE
110101400000;veh_10;4.879959913664035;SAFE
110101400000;veh_11;1.1275502126799974;CRITICAL
110101400000;veh_9;10.880642772774463;SAFE
110101800000;veh_10;4.879959913664035;SAFE
110101800000;veh_11;1.1275502126799974;CRITICAL
110101900000;veh_0;Infinity;SAFE
110101900000;veh_10;4.879959913664035;SAFE
110102300000;veh_12;6.639303537609617;SAFE
110102300000;veh_13;12.637886254974477;SAFE
110102300000;veh_9;10.880642772774463;SAFE
110102400000;veh_0;Infinity;SAFE
110102400000;veh_1;7.362153980054556E12;SAFE
110102400000;veh_12;6.639303537609617;SAFE
110102800000;veh_0;Infinity;SAFE
110102800000;veh_1;7.362153980054556E12;SAFE
110102800000;veh_12;6.639303537609617;SAFE
110103700000;veh_13;12.637886254974477;SAFE
110103800000;veh_13;12.637886254974477;SAFE
110103800000;veh_9;10.880642772774463;SAFE
110500900000;veh_13;12.237983063659987;SAFE
110501400000;veh_11;0.7273668556859131;CRITICAL
110501900000;veh_10;5.279959972535649;SAFE
110501900000;veh_9;11.281615681750118;SAFE
110502400000;veh_1;7.362153980054556E12;SAFE
110502400000;veh_12;6.239392058549324;SAFE
111000400000;veh_1;7.362153980054556E12;SAFE
111000400000;veh_12;5.7395027103659535;SAFE
111000400000;veh_9;11.78150440525363;SAFE
111000900000;veh_11;0.2388793675648651;CRITICAL
111001400000;veh_13;11.738104869062818;SAFE
111002400000;veh_10;5.779977239318779;SAFE
111100400000;veh_13;11.638129345210626;SAFE
111100900000;veh_10;5.879982595234714;SAFE
111100900000;veh_11;0.15063210873956612;CRITICAL
111101400000;veh_0;Infinity;SAFE
111101900000;veh_9;11.881482156291515;SAFE
111102400000;veh_12;5.639524840782522;SAFE
111500400000;veh_11;0.2920362056615529;CRITICAL
111500400000;veh_12;5.261730252746272;SAFE
111500900000;veh_9;12.281393180039316;SAFE
111501400000;veh_1;7.362153980054556E12;SAFE
111501400000;veh_10;6.280009350830341;SAFE
111501400000;veh_13;11.238227667092511;SAFE
112000900000;veh_10;6.780053022562781;SAFE
112000900000;veh_12;5.062590673234628;SAFE
112001400000;veh_9;12.781282000066206;SAFE
112001900000;veh_1;7.362153980054556E12;SAFE
112001900000;veh_11;0.7834078901042231;CRITICAL
112002400000;veh_13;10.738351596462342;SAFE
112100400000;veh_0;Infinity;SAFE
112100400000;veh_1;7.362153980054556E12;SAFE
112100400000;veh_11;0.8828606887436793;CRITICAL
112100400000;veh_12;5.023254540294862;SAFE
112100400000;veh_13;10.638376532174567;SAFE
112100900000;veh_0;Infinity;SAFE
112100900000;veh_11;0.8828606887436793;CRITICAL
112100900000;veh_9;12.881259769018863;SAFE
112101400000;veh_0;Infinity;SAFE
112101400000;veh_1;7.362153980054556E12;SAFE
112101400000;veh_10;6.880062922368835;SAFE
112101400000;veh_13;10.638376532174567;SAFE
112101800000;veh_12;5.023254540294862;SAFE
112101900000;veh_1;7.362153980054556E12;SAFE
112101900000;veh_10;6.880062922368835;SAFE
112101900000;veh_12;5.023254540294862;SAFE
112102300000;veh_10;6.880062922368835;SAFE
112102300000;veh_9;12.881259769018863;SAFE
112102400000;veh_0;Infinity;SAFE
112102400000;veh_1;7.362153980054556E12;SAFE
112102400000;veh_10;6.880062922368835;SAFE
112102400000;veh_11;0.8828606887436793;CRITICAL
112102400000;veh_12;5.023254540294862;SAFE
112102400000;veh_9;12.881259769018863;SAFE
112102800000;veh_13;10.638376532174567;SAFE
112103800000;veh_13;10.638376532174567;SAFE
112104800000;veh_9;12.881259769018863;SAFE
112500400000;veh_13;10.238476822920584;SAFE
112500900000;veh_9;13.281170860180115;SAFE
112501400000;veh_10;7.2801058726070735;SAFE
112501900000;veh_11;1.2815583025725816;CRITICAL
112502400000;veh_1;7.362153980054556E12;SAFE
112502400000;veh_12;4.867646055831924;SAFE
113000400000;veh_11;1.7808078019334395;CRITICAL
113000900000;veh_12;4.677936529422255;SAFE
113001400000;veh_10;7.780166131097576;SAFE
113001400000;veh_13;9.738603545961904;SAFE
113001400000;veh_9;13.781059756140635;SAFE
113001900000;veh_1;7.362153980054556E12;SAFE
113100400000;veh_11;1.8807126027685541;CRITICAL
113100400000;veh_13;9.638629090732866;SAFE
113101400000;veh_12;4.640636859599218;SAFE
113101900000;veh_10;7.880178947639734;SAFE
113102400000;veh_0;Infinity;SAFE
113500400000;veh_1;7.362153980054556E12;SAFE
113501400000;veh_12;4.297190727223489;SAFE
113501900000;veh_11;2.2804346417577497;WARNING
113501900000;veh_13;9.238728159126536;SAFE
113502400000;veh_10;8.280232455713593;SAFE
114000400000;veh_10;8.780303810134397;SAFE
114000400000;veh_13;8.738838808111703;SAFE
114000900000;veh_11;2.7802353977676453;WARNING
114001400000;veh_1;7.362153980054556E12;SAFE
114001900000;veh_12;3.6231125088055385;WARNING
114100400000;veh_0;Infinity;SAFE
114100400000;veh_1;7.362153980054556E12;SAFE
114100400000;veh_10;8.880318609875488;SAFE
114100400000;veh_12;3.492592831924085;WARNING
114100900000;veh_11;2.880208452116796;WARNING
114101400000;veh_0;Infinity;SAFE
114101400000;veh_10;8.880318609875488;SAFE
114101400000;veh_11;2.880208452116796;WARNING
114101400000;veh_12;3.492592831924085;WARNING
114101400000;veh_13;8.638860937977416;SAFE
114101800000;veh_10;8.880318609875488;SAFE
114101800000;veh_12;3.492592831924085;WARNING
114101900000;veh_11;2.880208452116796;WARNING
114102300000;veh_13;8.638860937977416;SAFE
114102400000;veh_0;Infinity;SAFE
114102400000;veh_1;7.362153980054556E12;SAFE
114102400000;veh_10;8.880318609875488;SAFE
114102400000;veh_12;3.492592831924085;WARNING
114103300000;veh_1;7.362153980054556E12;SAFE
114103800000;veh_0;Infinity;SAFE
114500400000;veh_11;3.28013057098564;WARNING
114500400000;veh_13;8.23894945744398;SAFE
114501900000;veh_1;7.362153980054556E12;SAFE
114501900000;veh_10;9.2803793812893;SAFE
114502400000;veh_12;2.9836747236831465;WARNING
115000400000;veh_10;9.780458522286596;SAFE
115000400000;veh_13;7.7390601070233185;SAFE
115000900000;veh_1;7.362153980054556E12;SAFE
115000900000;veh_12;2.374849046873802;WARNING
115002400000;veh_11;3.7800561486414255;WARNING
115002400000;veh_14;13.737622519998823;SAFE
115100900000;veh_10;9.880474731175472;SAFE
115101400000;veh_11;3.8800394498884505;WARNING
115101900000;veh_12;2.256449829615871;WARNING
115102400000;veh_0;Infinity;SAFE
115102400000;veh_13;7.639082236992899;SAFE
115102400000;veh_14;13.637646360558085;SAFE
115500400000;veh_1;7.362153980054556E12;SAFE
115500900000;veh_10;10.280540712217512;SAFE
115501400000;veh_14;13.237741981147087;SAFE
115501900000;veh_11;4.27999078396268;SAFE
115501900000;veh_12;1.793269786656995;CRITICAL
115502400000;veh_13;7.239170757063328;SAFE
116000400000;veh_11;4.779962209004091;SAFE
116000900000;veh_1;7.362153980054556E12;SAFE
116001900000;veh_10;10.78062552672498;SAFE
116001900000;veh_13;6.739281407446274;SAFE
116001900000;veh_14;12.737862134168743;SAFE
116002400000;veh_12;1.236204074119901;CRITICAL
116100400000;veh_10;10.880642772774463;SAFE
116100900000;veh_0;Infinity;SAFE
116100900000;veh_1;7.362153980054556E12;SAFE
116100900000;veh_11;4.879959913664035;SAFE
116101400000;veh_0;Infinity;SAFE
116101400000;veh_1;7.362153980054556E12;SAFE
116101400000;veh_10;10.880642772774463;SAFE
116101400000;veh_11;4.879959913664035;SAFE
116101400000;veh_12;1.1275502126799974;CRITICAL
116101800000;veh_1;7.362153980054556E12;SAFE
116101900000;veh_0;Infinity;SAFE
116101900000;veh_1;7.362153980054556E12;SAFE
116101900000;veh_11;4.879959913664035;SAFE
116101900000;veh_13;6.639303537609617;SAFE
116102300000;veh_0;Infinity;SAFE
116102300000;veh_11;4.879959913664035;SAFE
116102300000;veh_13;6.639303537609617;SAFE
116102400000;veh_0;Infinity;SAFE
116102400000;veh_11;4.879959913664035;SAFE
116102400000;veh_12;1.1275502126799974;CRITICAL
116102400000;veh_14;12.637886254974477;SAFE
116102800000;veh_10;10.880642772774463;SAFE
116102800000;veh_12;1.1275502126799974;CRITICAL
116102800000;veh_14;12.637886254974477;SAFE
116103300000;veh_13;6.639303537609617;SAFE
116105200000;veh_14;12.637886254974477;SAFE
116500400000;veh_10;11.281615681750118;SAFE
116500400000;veh_11;5.279959972535649;SAFE
116500400000;veh_14;12.237983063659987;SAFE
116501400000;veh_12;0.7273668556859131;CRITICAL
116501400000;veh_13;6.239392058549324;SAFE
116501900000;veh_1;7.362153980054556E12;SAFE
117000400000;veh_13;5.7395027103659535;SAFE
117001400000;veh_11;5.779977239318779;SAFE
117001900000;veh_14;11.738104869062818;SAFE
117002400000;veh_1;7.362153980054556E12;SAFE
117002400000;veh_10;11.78150440525363;SAFE
117002400000;veh_12;0.2388793675648651;CRITICAL
117100400000;veh_12;0.15063210873956612;CRITICAL
117100400000;veh_14;11.638129345210626;SAFE
117101400000;veh_11;5.879982595234714;SAFE
117101900000;veh_0;Infinity;SAFE
117101900000;veh_10;11.881482156291515;SAFE
117101900000;veh_13;5.639524840782522;SAFE
117500400000;veh_12;0.2920362056615529;CRITICAL
117500400000;veh_13;5.261730252746272;SAFE
117501400000;veh_10;12.281393180039316;SAFE
117501900000;veh_1;7.362153980054556E12;SAFE
117501900000;veh_11;6.280009350830341;SAFE
117502400000;veh_14;11.238227667092511;SAFE
118000400000;veh_10;12.781282000066206;SAFE
118000900000;veh_11;6.780053022562781;SAFE
118000900000;veh_12;0.7834078901042231;CRITICAL
118001400000;veh_14;10.738351596462342;SAFE
118002400000;veh_1;7.362153980054556E12;SAFE
118002400000;veh_13;5.062590673234628;SAFE
118100400000;veh_0;Infinity;SAFE
118100400000;veh_11;6.880062922368835;SAFE
118100400000;veh_12;0.8828606887436793;CRITICAL
118100400000;veh_13;5.023254540294862;SAFE
118100400000;veh_14;10.638376532174567;SAFE
118100800000;veh_14;10.638376532174567;SAFE
118100900000;veh_1;7.362153980054556E12;SAFE
118100900000;veh_11;6.880062922368835;SAFE
118100900000;veh_12;0.8828606887436793;CRITICAL
118100900000;veh_14;10.638376532174567;SAFE
118101300000;veh_13;5.023254540294862;SAFE
118101400000;veh_0;Infinity;SAFE
118101400000;veh_1;7.362153980054556E12;SAFE
118101400000;veh_13;5.023254540294862;SAFE
118101800000;veh_11;6.880062922368835;SAFE
118101800000;veh_14;10.638376532174567;SAFE
118101900000;veh_0;Infinity;SAFE
118101900000;veh_1;7.362153980054556E12;SAFE
118101900000;veh_10;12.881259769018863;SAFE
118101900000;veh_12;0.8828606887436793;CRITICAL
118102400000;veh_0;Infinity;SAFE
118102400000;veh_1;7.362153980054556E12;SAFE
118102400000;veh_10;12.881259769018863;SAFE
118102400000;veh_12;0.8828606887436793;CRITICAL
118103300000;veh_10;12.881259769018863;SAFE
118103800000;veh_10;12.881259769018863;SAFE
118500400000;veh_10;13.281170860180115;SAFE
118500900000;veh_12;1.2815583025725816;CRITICAL
118501400000;veh_14;10.238476822920584;SAFE
118502400000;veh_1;7.362153980054556E12;SAFE
118502400000;veh_11;7.2801058726070735;SAFE
118502400000;veh_13;4.867646055831924;SAFE
119000400000;veh_1;7.362153980054556E12;SAFE
119000900000;veh_14;9.738603545961904;SAFE
119001900000;veh_12;1.7808078019334395;CRITICAL
119002400000;veh_10;13.781059756140635;SAFE
119002400000;veh_11;7.780166131097576;SAFE
119002400000;veh_13;4.677936529422255;SAFE
119100400000;veh_11;7.880178947639734;SAFE
119100900000;veh_0;Infinity;SAFE
119101400000;veh_12;1.8807126027685541;CRITICAL
119101400000;veh_14;9.638629090732866;SAFE
119101900000;veh_13;4.640636859599218;SAFE
119500400000;veh_14;9.238728159126536;SAFE
119500900000;veh_11;8.280232455713593;SAFE
119500900000;veh_12;2.2804346417577497;WARNING
119501400000;veh_1;7.362153980054556E12;SAFE
119501400000;veh_13;4.297190727223489;SAFE
120000400000;veh_13;3.6231125088055385;WARNING
120000900000;veh_14;8.738838808111703;SAFE
120001900000;veh_11;8.780303810134397;SAFE
120001900000;veh_12;2.7802353977676453;WARNING
120002400000;veh_1;7.362153980054556E12;SAFE
120100400000;veh_1;7.362153980054556E12;SAFE
120100400000;veh_11;8.880318609875488;SAFE
120100400000;veh_12;2.880208452116796;WARNING
120100400000;veh_13;3.492592831924085;WARNING
120100400000;veh_14;8.638860937977416;SAFE
120100900000;veh_0;Infinity;SAFE
120100900000;veh_1;7.362153980054556E12;SAFE
120100900000;veh_12;2.880208452116796;WARNING
120100900000;veh_13;3.492592831924085;WARNING
120101400000;veh_11;8.880318609875488;SAFE
120101400000;veh_12;2.880208452116796;WARNING
120101400000;veh_13;3.492592831924085;WARNING
120101800000;veh_14;8.638860937977416;SAFE
120101900000;veh_0;Infinity;SAFE
120101900000;veh_1;7.362153980054556E12;SAFE
120101900000;veh_11;8.880318609875488;SAFE
120102300000;veh_11;8.880318609875488;SAFE
120102400000;veh_0;Infinity;SAFE
120102400000;veh_12;2.880208452116796;WARNING
120102800000;veh_0;Infinity;SAFE
120102800000;veh_13;3.492592831924085;WARNING
120102800000;veh_14;8.638860937977416;SAFE
120103300000;veh_1;7.362153980054556E12;SAFE
120500400000;veh_12;3.28013057098564;WARNING
120500900000;veh_1;7.362153980054556E12;SAFE
120501400000;veh_11;9.2803793812893;SAFE
120501400000;veh_13;2.9836747236831465;WARNING
120502400000;veh_14;8.23894945744398;SAFE
121000900000;veh_1;7.362153980054556E12;SAFE
121001900000;veh_11;9.780458522286596;SAFE
121001900000;veh_12;3.7800561486414255;WARNING
121001900000;veh_13;2.374849046873802;WARNING
121001900000;veh_14;7.7390601070233185;SAFE
121100400000;veh_0;Infinity;SAFE
121100400000;veh_11;9.880474731175472;SAFE
121100400000;veh_12;3.8800394498884505;WARNING
121100900000;veh_14;7.639082236992899;SAFE
121102400000;veh_13;2.256449829615871;WARNING
121500900000;veh_14;7.239170757063328;SAFE
121501400000;veh_1;7.362153980054556E12;SAFE
121501400000;veh_12;4.27999078396268;SAFE
121502400000;veh_11;10.280540712217512;SAFE
121502400000;veh_13;1.793269786656995;CRITICAL
122000400000;veh_11;10.78062552672498;SAFE
122000900000;veh_13;1.236204074119901;CRITICAL
122001900000;veh_1;7.362153980054556E12;SAFE
122001900000;veh_14;6.739281407446274;SAFE
122002400000;veh_12;4.779962209004091;SAFE
122100400000;veh_0;Infinity;SAFE
122100400000;veh_1;7.362153980054556E12;SAFE
122100400000;veh_13;1.1275502126799974;CRITICAL
122100900000;veh_1;7.362153980054556E12;SAFE
122100900000;veh_11;10.880642772774463;SAFE
122100900000;veh_12;4.879959913664035;SAFE
122101400000;veh_1;7.362153980054556E12;SAFE
122101400000;veh_12;4.879959913664035;SAFE
122101400000;veh_13;1.1275502126799974;CRITICAL
122101900000;veh_0;Infinity;SAFE
122101900000;veh_12;4.879959913664035;SAFE
122101900000;veh_13;1.1275502126799974;CRITICAL
122101900000;veh_14;6.639303537609617;SAFE
122102300000;veh_0;Infinity;SAFE
122102300000;veh_11;10.880642772774463;SAFE
122102300000;veh_14;6.639303537609617;SAFE
122102400000;veh_11;10.880642772774463;SAFE
122102400000;veh_12;4.879959913664035;SAFE
122102400000;veh_14;6.639303537609617;SAFE
122102800000;veh_1;7.362153980054556E12;SAFE
122103800000;veh_13;1.1275502126799974;CRITICAL
122103800000;veh_14;6.639303537609617;SAFE
122500400000;veh_1;7.362153980054556E12;SAFE
122500400000;veh_13;0.7273668556859131;CRITICAL
122500400000;veh_14;6.239392058549324;SAFE
122501900000;veh_12;5.279959972535649;SAFE
122502400000;veh_11;11.281615681750118;SAFE
123000400000;veh_12;5.779977239318779;SAFE
123000900000;veh_1;7.362153980054556E12;SAFE
123000900000;veh_13;0.2388793675648651;CRITICAL
123000900000;veh_14;5.7395027103659535;SAFE
123001900000;veh_11;11.78150440525363;SAFE
123100400000;veh_14;5.639524840782522;SAFE
123101400000;veh_11;11.881482156291515;SAFE
123101400000;veh_12;5.879982595234714;SAFE
123101900000;veh_13;0.15063210873956612;CRITICAL
123102400000;veh_0;Infinity;SAFE
123500900000;veh_12;6.280009350830341;SAFE
123501400000;veh_13;0.2920362056615529;CRITICAL
123501900000;veh_1;7.362153980054556E12;SAFE
123502400000;veh_11;12.281393180039316;SAFE
123502400000;veh_14;5.261730252746272;SAFE
124000400000;veh_11;12.781282000066206;SAFE
124001400000;veh_13;0.7834078901042231;CRITICAL
124001900000;veh_1;7.362153980054556E12;SAFE
124002400000;veh_12;6.780053022562781;SAFE
124002400000;veh_14;5.062590673234628;SAFE
124100400000;veh_0;Infinity;SAFE
124100400000;veh_1;7.362153980054556E12;SAFE
124100400000;veh_13;0.8828606887436793;CRITICAL
124100900000;veh_0;Infinity;SAFE
124100900000;veh_1;7.362153980054556E12;SAFE
124100900000;veh_12;6.880062922368835;SAFE
124100900000;veh_14;5.023254540294862;SAFE
124101400000;veh_0;Infinity;SAFE
124101400000;veh_12;6.880062922368835;SAFE
124101900000;veh_11;12.881259769018863;SAFE
124101900000;veh_12;6.880062922368835;SAFE
124101900000;veh_13;0.8828606887436793;CRITICAL
124102300000;veh_14;5.023254540294862;SAFE
124102400000;veh_11;12.881259769018863;SAFE
124102400000;veh_13;0.8828606887436793;CRITICAL
124102400000;veh_14;5.023254540294862;SAFE
124104300000;veh_11;12.881259769018863;SAFE
124500400000;veh_12;7.2801058726070735;SAFE
124500900000;veh_1;7.362153980054556E12;SAFE
124500900000;veh_11;13.281170860180115;SAFE
124501900000;veh_13;1.2815583025725816;CRITICAL
124501900000;veh_14;4.867646055831924;SAFE
125001400000;veh_11;13.781059756140635;SAFE
125001400000;veh_12;7.780166131097576;SAFE
125001400000;veh_13;1.7808078019334395;CRITICAL
125002400000;veh_1;7.362153980054556E12;SAFE
125002400000;veh_14;4.677936529422255;SAFE
125100400000;veh_0;Infinity;SAFE
125101400000;veh_12;7.880178947639734;SAFE
125101900000;veh_14;4.640636859599218;SAFE
125102400000;veh_13;1.8807126027685541;CRITICAL
125500400000;veh_13;2.2804346417577497;WARNING
125500900000;veh_1;7.362153980054556E12;SAFE
125500900000;veh_12;8.280232455713593;SAFE
125500900000;veh_14;4.297190727223489;SAFE
126000900000;veh_12;8.780303810134397;SAFE
126001400000;veh_13;2.7802353977676453;WARNING
126001900000;veh_1;7.362153980054556E12;SAFE
126002400000;veh_14;3.6231125088055385;WARNING
126100400000;veh_0;Infinity;SAFE
126100400000;veh_1;7.362153980054556E12;SAFE
126100400000;veh_14;3.492592831924085;WARNING
126100900000;veh_12;8.880318609875488;SAFE
126101400000;veh_1;7.362153980054556E12;SAFE
126101400000;veh_13;2.880208452116796;WARNING
126101900000;veh_0;Infinity;SAFE
126101900000;veh_12;8.880318609875488;SAFE
126102300000;veh_14;3.492592831924085;WARNING
126102400000;veh_12;8.880318609875488;SAFE
126102400000;veh_13;2.880208452116796;WARNING
126102400000;veh_14;3.492592831924085;WARNING
126102800000;veh_0;Infinity;SAFE
126103300000;veh_1;7.362153980054556E12;SAFE
126500400000;veh_14;2.9836747236831465;WARNING
126500900000;veh_1;7.362153980054556E12;SAFE
126501400000;veh_12;9.2803793812893;SAFE
126502400000;veh_13;3.28013057098564;WARNING
127000400000;veh_12;9.780458522286596;SAFE
127000400000;veh_14;2.374849046873802;WARNING
127000900000;veh_1;7.362153980054556E12;SAFE
127001900000;veh_13;3.7800561486414255;WARNING
127100400000;veh_0;Infinity;SAFE
127101900000;veh_14;2.256449829615871;WARNING
127102400000;veh_12;9.880474731175472;SAFE
127102400000;veh_13;3.8800394498884505;WARNING
127500400000;veh_1;7.362153980054556E12;SAFE
127500900000;veh_14;1.793269786656995;CRITICAL
127501400000;veh_13;4.27999078396268;SAFE
127502400000;veh_12;10.280540712217512;SAFE
128000400000;veh_13;4.779962209004091;SAFE
128000900000;veh_14;1.236204074119901;CRITICAL
128001900000;veh_1;7.362153980054556E12;SAFE
128002400000;veh_12;10.78062552672498;SAFE
128100400000;veh_12;10.880642772774463;SAFE
128100400000;veh_13;4.879959913664035;SAFE
128100900000;veh_1;7.362153980054556E12;SAFE
128101300000;veh_0;Infinity;SAFE
128101800000;veh_14;1.1275502126799974;CRITICAL
128101900000;veh_0;Infinity;SAFE
128101900000;veh_12;10.880642772774463;SAFE
128102300000;veh_1;7.362153980054556E12;SAFE
128102400000;veh_0;Infinity;SAFE
128102400000;veh_1;7.362153980054556E12;SAFE
128102400000;veh_13;4.879959913664035;SAFE
128102400000;veh_14;1.1275502126799974;CRITICAL
128500400000;veh_1;7.362153980054556E12;SAFE
128500400000;veh_13;5.279959972535649;SAFE
128500900000;veh_12;11.281615681750118;SAFE
128501400000;veh_14;0.7273668556859131;CRITICAL
129000900000;veh_12;11.78150440525363;SAFE
129000900000;veh_13;5.779977239318779;SAFE
129000900000;veh_14;0.2388793675648651;CRITICAL
129001400000;veh_1;7.362153980054556E12;SAFE
129100400000;veh_0;Infinity;SAFE
129100900000;veh_14;0.15063210873956612;CRITICAL
129101400000;veh_12;11.881482156291515;SAFE
129102400000;veh_13;5.879982595234714;SAFE
129500400000;veh_14;0.2920362056615529;CRITICAL
129501400000;veh_1;7.362153980054556E12;SAFE
129501400000;veh_12;12.281393180039316;SAFE
129501400000;veh_13;6.280009350830341;SAFE
130000900000;veh_1;7.362153980054556E12;SAFE
130001900000;veh_12;12.781282000066206;SAFE
130001900000;veh_13;6.780053022562781;SAFE
130002400000;veh_14;0.7834078901042231;CRITICAL
130100400000;veh_0;Infinity;SAFE
130100400000;veh_1;7.362153980054556E12;SAFE
130100400000;veh_13;6.880062922368835;SAFE
130100900000;veh_1;7.362153980054556E12;SAFE
130100900000;veh_12;12.881259769018863;SAFE
130100900000;veh_13;6.880062922368835;SAFE
130100900000;veh_14;0.8828606887436793;CRITICAL
130101400000;veh_0;Infinity;SAFE
130101400000;veh_12;12.881259769018863;SAFE
130102400000;veh_1;7.362153980054556E12;SAFE
130102400000;veh_14;0.8828606887436793;CRITICAL
130500400000;veh_13;7.2801058726070735;SAFE
130500900000;veh_12;13.281170860180115;SAFE
130501400000;veh_1;7.362153980054556E12;SAFE
130501900000;veh_14;1.2815583025725816;CRITICAL
131000900000;veh_13;7.780166131097576;SAFE
131001400000;veh_12;13.781059756140635;SAFE
131001900000;veh_1;7.362153980054556E12;SAFE
131001900000;veh_14;1.7808078019334395;CRITICAL
131100400000;veh_13;7.880178947639734;SAFE
131101900000;veh_0;Infinity;SAFE
131101900000;veh_14;1.8807126027685541;CRITICAL
131500900000;veh_1;7.362153980054556E12;SAFE
131500900000;veh_13;8.280232455713593;SAFE
131501900000;veh_14;2.2804346417577497;WARNING
132000400000;veh_14;2.7802353977676453;WARNING
132002400000;veh_1;7.362153980054556E12;SAFE
132002400000;veh_13;8.780303810134397;SAFE
132100400000;veh_0;Infinity;SAFE
132100900000;veh_1;7.362153980054556E12;SAFE
132100900000;veh_14;2.880208452116796;WARNING
132101800000;veh_0;Infinity;SAFE
132101900000;veh_13;8.880318609875488;SAFE
132102400000;veh_0;Infinity;SAFE
132102400000;veh_13;8.880318609875488;SAFE
132102400000;veh_14;2.880208452116796;WARNING
132102800000;veh_1;7.362153980054556E12;SAFE
132500900000;veh_1;7.362153980054556E12;SAFE
132500900000;veh_14;3.28013057098564;WARNING
132501400000;veh_13;9.2803793812893;SAFE
133001400000;veh_13;9.780458522286596;SAFE
133001900000;veh_1;7.362153980054556E12;SAFE
133001900000;veh_14;3.7800561486414255;WARNING
133100400000;veh_0;Infinity;SAFE
133100900000;veh_13;9.880474731175472;SAFE
133101400000;veh_14;3.8800394498884505;WARNING
133500400000;veh_13;10.280540712217512;SAFE
133500900000;veh_1;7.362153980054556E12;SAFE
133501400000;veh_14;4.27999078396268;SAFE
134001400000;veh_14;4.779962209004091;SAFE
134001900000;veh_13;10.78062552672498;SAFE
134002400000;veh_1;7.362153980054556E12;SAFE
134100400000;veh_0;Infinity;SAFE
134100900000;veh_1;7.362153980054556E12;SAFE
134101400000;veh_13;10.880642772774463;SAFE
134101400000;veh_14;4.879959913664035;SAFE
134101900000;veh_13;10.880642772774463;SAFE
134101900000;veh_14;4.879959913664035;SAFE
134102300000;veh_0;Infinity;SAFE
134102400000;veh_1;7.362153980054556E12;SAFE
134103800000;veh_1;7.362153980054556E12;SAFE
134500900000;veh_1;7.362153980054556E12;SAFE
134501900000;veh_14;5.279959972535649;SAFE
134502400000;veh_13;11.281615681750118;SAFE
135000900000;veh_14;5.779977239318779;SAFE
135001900000;veh_13;11.78150440525363;SAFE
135002400000;veh_1;7.362153980054556E12;SAFE
135101400000;veh_0;Infinity;SAFE
135101900000;veh_14;5.879982595234714;SAFE
135102400000;veh_13;11.881482156291515;SAFE
135500400000;veh_1;7.362153980054556E12;SAFE
135501400000;veh_13;12.281393180039316;SAFE
135501400000;veh_14;6.280009350830341;SAFE
136000900000;veh_14;6.780053022562781;SAFE
136001400000;veh_1;7.362153980054556E12;SAFE
136002400000;veh_13;12.781282000066206;SAFE
136100400000;veh_1;7.362153980054556E12;SAFE
136100900000;veh_1;7.362153980054556E12;SAFE
136100900000;veh_13;12.881259769018863;SAFE
136101400000;veh_0;Infinity;SAFE
136102400000;veh_0;Infinity;SAFE
136102400000;veh_14;6.880062922368835;SAFE
136500400000;veh_14;7.2801058726070735;SAFE
136500900000;veh_1;7.362153980054556E12;SAFE
136501900000;veh_13;13.281170860180115;SAFE
137000400000;veh_14;7.780166131097576;SAFE
137000900000;veh_1;7.362153980054556E12;SAFE
137001900000;veh_13;13.781059756140635;SAFE
137101900000;veh_14;7.880178947639734;SAFE
137102400000;veh_0;Infinity;SAFE
137502400000;veh_1;7.362153980054556E12;SAFE
137502400000;veh_14;8.280232455713593;SAFE
138000900000;veh_14;8.780303810134397;SAFE
138001400000;veh_1;7.362153980054556E12;SAFE
138100900000;veh_0;Infinity;SAFE
138101400000;veh_14;8.880318609875488;SAFE
138101800000;veh_0;Infinity;SAFE
138101800000;veh_1;7.362153980054556E12;SAFE
138102400000;veh_1;7.362153980054556E12;SAFE
138500900000;veh_1;7.362153980054556E12;SAFE
138500900000;veh_14;9.2803793812893;SAFE
139001400000;veh_1;7.362153980054556E12;SAFE
139001900000;veh_14;9.780458522286596;SAFE
139100900000;veh_14;9.880474731175472;SAFE
139102400000;veh_0;Infinity;SAFE
139500400000;veh_14;10.280540712217512;SAFE
139501400000;veh_1;7.362153980054556E12;SAFE
140000900000;veh_1;7.362153980054556E12;SAFE
140000900000;veh_14;10.78062552672498;SAFE
140100400000;veh_0;Infinity;SAFE
140100400000;veh_1;7.362153980054556E12;SAFE
140100400000;veh_14;10.880642772774463;SAFE
140102300000;veh_1;7.362153980054556E12;SAFE
140102800000;veh_0;Infinity;SAFE
140500400000;veh_1;7.362153980054556E12;SAFE
140500900000;veh_14;11.281615681750118;SAFE
141001400000;veh_14;11.78150440525363;SAFE
141001900000;veh_1;7.362153980054556E12;SAFE
141101400000;veh_0;Infinity;SAFE
141102400000;veh_14;11.881482156291515;SAFE
141500400000;veh_1;7.362153980054556E12;SAFE
141502400000;veh_14;12.281393180039316;SAFE
142000400000;veh_1;7.362153980054556E12;SAFE
142002400000;veh_14;12.781282000066206;SAFE
142100900000;veh_0;Infinity;SAFE
142101400000;veh_1;7.362153980054556E12;SAFE
142500900000;veh_1;7.362153980054556E12;SAFE
142501400000;veh_14;13.281170860180115;SAFE
143000400000;veh_14;13.781059756140635;SAFE
143001900000;veh_1;7.362153980054556E12;SAFE
143100900000;veh_0;Infinity;SAFE
143501400000;veh_1;7.362153980054556E12;SAFE
144000400000;veh_1;7.362153980054556E12;SAFE
144501900000;veh_1;7.362153980054556E12;SAFE
145001900000;veh_1;7.362153980054556E12;SAFE
145100900000;veh_0;Infinity;SAFE
145501900000;veh_1;7.362153980054556E12;SAFE
146002400000;veh_1;7.362153980054556E12;SAFE
146500900000;veh_1;7.362153980054556E12;SAFE
147000400000;veh_1;7.362153980054556E12;SAFE
147100400000;veh_0;Infinity;SAFE
147502400000;veh_1;7.362153980054556E12;SAFE
148000900000;veh_1;7.362153980054556E12;SAFE
148500400000;veh_1;7.362153980054556E12;SAFE
149002400000;veh_1;7.362153980054556E12;SAFE
149100900000;veh_0;Infinity;SAFE
149502400000;veh_1;7.362153980054556E12;SAFE
150001900000;veh_1;7.362153980054556E12;SAFE
150502400000;veh_1;7.362153980054556E12;SAFE
151000400000;veh_1;7.362153980054556E12;SAFE
151100900000;veh_0;Infinity;SAFE
151502400000;veh_1;7.362153980054556E12;SAFE
152002400000;veh_1;7.362153980054556E12;SAFE
152501900000;veh_1;7.362153980054556E12;SAFE
153002400000;veh_1;7.362153980054556E12;SAFE
153101400000;veh_0;Infinity;SAFE
153500400000;veh_1;7.362153980054556E12;SAFE
154001900000;veh_1;7.362153980054556E12;SAFE
154502400000;veh_1;7.362153980054556E12;SAFE
155000400000;veh_1;7.362153980054556E12;SAFE
155100400000;veh_0;Infinity;SAFE
155501900000;veh_1;7.362153980054556E12;SAFE
156000400000;veh_1;7.362153980054556E12;SAFE
156501900000;veh_1;7.362153980054556E12;SAFE
157000400000;veh_1;7.362153980054556E12;SAFE
157102400000;veh_0;Infinity;SAFE
157501400000;veh_1;7.362153980054556E12;SAFE
158002400000;veh_1;7.362153980054556E12;SAFE
158501900000;veh_1;7.362153980054556E12;SAFE
159000400000;veh_1;7.362153980054556E12;SAFE
159100400000;veh_0;Infinity;SAFE
159500400000;veh_1;7.362153980054556E12;SAFE
160001900000;veh_1;7.362153980054556E12;SAFE
160502400000;veh_1;7.362153980054556E12;SAFE
161000400000;veh_1;7.362153980054556E12;SAFE
161102400000;veh_0;Infinity;SAFE
161502400000;veh_1;7.362153980054556E12;SAFE
162002400000;veh_1;7.362153980054556E12;SAFE
162500900000;veh_1;7.362153980054556E12;SAFE
163001400000;veh_1;7.362153980054556E12;SAFE
163102400000;veh_0;Infinity;SAFE
163501900000;veh_1;7.362153980054556E12;SAFE
164000400000;veh_1;7.362153980054556E12;SAFE
164502400000;veh_1;7.362153980054556E12;SAFE
165002400000;veh_1;7.362153980054556E12;SAFE
165101400000;veh_0;Infinity;SAFE
165501400000;veh_1;7.362153980054556E12;SAFE
166001400000;veh_1;7.362153980054556E12;SAFE
166502400000;veh_1;7.362153980054556E12;SAFE
167000900000;veh_1;7.362153980054556E12;SAFE
167100400000;veh_0;Infinity;SAFE
167501400000;veh_1;7.362153980054556E12;SAFE
168000900000;veh_1;7.362153980054556E12;SAFE
168502400000;veh_1;7.362153980054556E12;SAFE
169001900000;veh_1;7.362153980054556E12;SAFE
169100400000;veh_0;Infinity;SAFE
169501400000;veh_1;7.362153980054556E12;SAFE
170001900000;veh_1;7.362153980054556E12;SAFE
170500400000;veh_1;7.362153980054556E12;SAFE
171000900000;veh_1;7.362153980054556E12;SAFE
171100900000;veh_0;Infinity;SAFE
171501400000;veh_1;7.362153980054556E12;SAFE
172001900000;veh_1;7.362153980054556E12;SAFE
172502400000;veh_1;7.362153980054556E12;SAFE
173000400000;veh_1;7.362153980054556E12;SAFE
173101400000;veh_0;Infinity;SAFE
173502400000;veh_1;7.362153980054556E12;SAFE
174001900000;veh_1;7.362153980054556E12;SAFE
174501900000;veh_1;7.362153980054556E12;SAFE
175002400000;veh_1;7.362153980054556E12;SAFE
175101400000;veh_0;Infinity;SAFE
175501400000;veh_1;7.362153980054556E12;SAFE
176001400000;veh_1;7.362153980054556E12;SAFE
176501400000;veh_1;7.362153980054556E12;SAFE
177001900000;veh_1;7.362153980054556E12;SAFE
177100400000;veh_0;Infinity;SAFE
177500400000;veh_1;7.362153980054556E12;SAFE
178002400000;veh_1;7.362153980054556E12;SAFE
178502400000;veh_1;7.362153980054556E12;SAFE
179001400000;veh_1;7.362153980054556E12;SAFE
179100900000;veh_0;Infinity;SAFE
179502400000;veh_1;7.362153980054556E12;SAFE
180002400000;veh_1;7.362153980054556E12;SAFE
180501900000;veh_1;7.362153980054556E12;SAFE
181002400000;veh_1;7.362153980054556E12;SAFE
181101400000;veh_0;Infinity;SAFE
181501900000;veh_1;7.362153980054556E12;SAFE
182000400000;veh_1;7.362153980054556E12;SAFE
182502400000;veh_1;7.362153980054556E12;SAFE
183001400000;veh_1;7.362153980054556E12;SAFE
183101900000;veh_0;Infinity;SAFE
183500400000;veh_1;7.362153980054556E12;SAFE
184002400000;veh_1;7.362153980054556E12;SAFE
184501400000;veh_1;7.362153980054556E12;SAFE
185000900000;veh_1;7.362153980054556E12;SAFE
185101900000;veh_0;Infinity;SAFE
185501900000;veh_1;7.362153980054556E12;SAFE
186000400000;veh_1;7.362153980054556E12;SAFE
186501400000;veh_1;7.362153980054556E12;SAFE
187000400000;veh_1;7.362153980054556E12;SAFE
187101900000;veh_0;Infinity;SAFE
187501900000;veh_1;7.362153980054556E12;SAFE
188002400000;veh_1;7.362153980054556E12;SAFE
188501400000;veh_1;7.362153980054556E12;SAFE
189000900000;veh_1;7.362153980054556E12;SAFE
189100400000;veh_0;Infinity;SAFE
189500900000;veh_1;7.362153980054556E12;SAFE
190002400000;veh_1;7.362153980054556E12;SAFE
190501900000;veh_1;7.362153980054556E12;SAFE
191000400000;veh_1;7.362153980054556E12;SAFE
191100400000;veh_0;Infinity;SAFE
191500900000;veh_1;7.362153980054556E12;SAFE
192000400000;veh_1;7.362153980054556E12;SAFE
192502400000;veh_1;7.362153980054556E12;SAFE
193001400000;veh_1;7.362153980054556E12;SAFE
193101900000;veh_0;Infinity;SAFE
193501400000;veh_1;7.362153980054556E12;SAFE
194000900000;veh_1;7.362153980054556E12;SAFE
194501400000;veh_1;7.362153980054556E12;SAFE
195000400000;veh_1;7.362153980054556E12;SAFE
195100900000;veh_0;Infinity;SAFE
195501400000;veh_1;7.362153980054556E12;SAFE
196001900000;veh_1;7.362153980054556E12;SAFE
196501900000;veh_1;7.362153980054556E12;SAFE
197000900000;veh_1;7.362153980054556E12;SAFE
197100400000;veh_0;Infinity;SAFE
197500900000;veh_1;7.362153980054556E12;SAFE
198001900000;veh_1;7.362153980054556E12;SAFE
198502400000;veh_1;7.362153980054556E12;SAFE
199000400000;veh_1;7.362153980054556E12;SAFE
199102400000;veh_0;Infinity;SAFE
199502400000;veh_1;7.362153980054556E12;SAFE
200000900000;veh_1;7.362153980054556E12;SAFE
200500900000;veh_1;7.362153980054556E12;SAFE
201001400000;veh_1;7.362153980054556E12;SAFE
201101900000;veh_0;Infinity;SAFE
201501900000;veh_1;7.362153980054556E12;SAFE
202002400000;veh_1;7.362153980054556E12;SAFE
202500900000;veh_1;7.362153980054556E12;SAFE
203000900000;veh_1;7.362153980054556E12;SAFE
203101400000;veh_0;Infinity;SAFE
203501900000;veh_1;7.362153980054556E12;SAFE
204001400000;veh_1;7.362153980054556E12;SAFE
204501900000;veh_1;7.362153980054556E12;SAFE
205002400000;veh_1;7.362153980054556E12;SAFE
205101400000;veh_0;Infinity;SAFE
205501900000;veh_1;7.362153980054556E12;SAFE
206000900000;veh_1;7.362153980054556E12;SAFE
206502400000;veh_1;7.362153980054556E12;SAFE
207001900000;veh_1;7.362153980054556E12;SAFE
207102400000;veh_0;Infinity;SAFE
207502400000;veh_1;7.362153980054556E12;SAFE
208001900000;veh_1;7.362153980054556E12;SAFE
208500400000;veh_1;7.362153980054556E12;SAFE
209002400000;veh_1;7.362153980054556E12;SAFE
209101900000;veh_0;Infinity;SAFE
209501900000;veh_1;7.362153980054556E12;SAFE
210001400000;veh_1;7.362153980054556E12;SAFE
210501900000;veh_1;7.362153980054556E12;SAFE
211002400000;veh_1;7.362153980054556E12;SAFE
211101900000;veh_0;Infinity;SAFE
211501400000;veh_1;7.362153980054556E12;SAFE
212000400000;veh_1;7.362153980054556E12;SAFE
212501900000;veh_1;7.362153980054556E12;SAFE
213000900000;veh_1;7.362153980054556E12;SAFE
213100900000;veh_0;Infinity;SAFE
213500900000;veh_1;7.362153980054556E12;SAFE
214001900000;veh_1;7.362153980054556E12;SAFE
214502400000;veh_1;7.362153980054556E12;SAFE
215000900000;veh_1;7.362153980054556E12;SAFE
215101400000;veh_0;Infinity;SAFE
215500400000;veh_1;7.362153980054556E12;SAFE
216002400000;veh_1;7.362153980054556E12;SAFE
216502400000;veh_1;7.362153980054556E12;SAFE
217000400000;veh_1;7.362153980054556E12;SAFE
217101900000;veh_0;Infinity;SAFE
217502400000;veh_1;7.362153980054556E12;SAFE
218001900000;veh_1;7.362153980054556E12;SAFE
218501400000;veh_1;7.362153980054556E12;SAFE
219001900000;veh_1;7.362153980054556E12;SAFE
219101900000;veh_0;Infinity;SAFE
219500900000;veh_1;7.362153980054556E12;SAFE
220002400000;veh_1;7.362153980054556E12;SAFE
220502400000;veh_1;7.362153980054556E12;SAFE
221000900000;veh_1;7.362153980054556E12;SAFE
221102400000;veh_0;Infinity;SAFE
221501900000;veh_1;7.362153980054556E12;SAFE
222002400000;veh_1;7.362153980054556E12;SAFE
222501900000;veh_1;7.362153980054556E12;SAFE
223000900000;veh_1;7.362153980054556E12;SAFE
223101900000;veh_0;Infinity;SAFE
223501900000;veh_1;7.362153980054556E12;SAFE
224000900000;veh_1;7.362153980054556E12;SAFE
224501400000;veh_1;7.362153980054556E12;SAFE
225001900000;veh_1;7.362153980054556E12;SAFE
225101400000;veh_0;Infinity;SAFE
225500900000;veh_1;7.362153980054556E12;SAFE
226001400000;veh_1;7.362153980054556E12;SAFE
226501400000;veh_1;7.362153980054556E12;SAFE
227001400000;veh_1;7.362153980054556E12;SAFE
227101400000;veh_0;Infinity;SAFE
227500900000;veh_1;7.362153980054556E12;SAFE
228000900000;veh_1;7.362153980054556E12;SAFE
228500900000;veh_1;7.362153980054556E12;SAFE
229000900000;veh_1;7.362153980054556E12;SAFE
229101400000;veh_0;Infinity;SAFE
229501900000;veh_1;7.362153980054556E12;SAFE
230002400000;veh_1;7.362153980054556E12;SAFE
230500400000;veh_1;7.362153980054556E12;SAFE
231000400000;veh_1;7.362153980054556E12;SAFE
231100900000;veh_0;Infinity;SAFE
231500400000;veh_1;7.362153980054556E12;SAFE
232001400000;veh_1;7.362153980054556E12;SAFE
232500400000;veh_1;7.362153980054556E12;SAFE
233000900000;veh_1;7.362153980054556E12;SAFE
233101400000;veh_0;Infinity;SAFE
233500400000;veh_1;7.362153980054556E12;SAFE
234000400000;veh_1;7.362153980054556E12;SAFE
234500900000;veh_1;7.362153980054556E12;SAFE
235000400000;veh_1;7.362153980054556E12;SAFE
235102400000;veh_0;Infinity;SAFE
235501900000;veh_1;7.362153980054556E12;SAFE
236001900000;veh_1;7.362153980054556E12;SAFE
236500900000;veh_1;7.362153980054556E12;SAFE
237002400000;veh_1;7.362153980054556E12;SAFE
237102400000;veh_0;Infinity;SAFE
237501900000;veh_1;7.362153980054556E12;SAFE
238002400000;veh_1;7.362153980054556E12;SAFE
238500900000;veh_1;7.362153980054556E12;SAFE
239002400000;veh_1;7.362153980054556E12;SAFE
239101900000;veh_0;Infinity;SAFE
239500900000;veh_1;7.362153980054556E12;SAFE
240002400000;veh_1;7.362153980054556E12;SAFE
240500900000;veh_1;7.362153980054556E12;SAFE
241001400000;veh_1;7.362153980054556E12;SAFE
241101400000;veh_0;Infinity;SAFE
241500400000;veh_1;7.362153980054556E12;SAFE
242002400000;veh_1;7.362153980054556E12;SAFE
242502400000;veh_1;7.362153980054556E12;SAFE
243002400000;veh_1;7.362153980054556E12;SAFE
243100900000;veh_0;Infinity;SAFE
243500400000;veh_1;7.362153980054556E12;SAFE
244001900000;veh_1;7.362153980054556E12;SAFE
244500400000;veh_1;7.362153980054556E12;SAFE
245000400000;veh_1;7.362153980054556E12;SAFE
245100400000;veh_0;Infinity;SAFE
245502400000;veh_1;7.362153980054556E12;SAFE
246001900000;veh_1;7.362153980054556E12;SAFE
246501400000;veh_1;7.362153980054556E12;SAFE
247000900000;veh_1;7.362153980054556E12;SAFE
247101400000;veh_0;Infinity;SAFE
247501900000;veh_1;7.362153980054556E12;SAFE
248001900000;veh_1;7.362153980054556E12;SAFE
248501900000;veh_1;7.362153980054556E12;SAFE
249002400000;veh_1;7.362153980054556E12;SAFE
249101400000;veh_0;Infinity;SAFE
249502400000;veh_1;7.362153980054556E12;SAFE
250001900000;veh_1;7.362153980054556E12;SAFE
250501900000;veh_1;7.362153980054556E12;SAFE
251000400000;veh_1;7.362153980054556E12;SAFE
251100900000;veh_0;Infinity;SAFE
251500400000;veh_1;7.362153980054556E12;SAFE
252002400000;veh_1;7.362153980054556E12;SAFE
252502400000;veh_1;7.362153980054556E12;SAFE
253002400000;veh_1;7.362153980054556E12;SAFE
253102400000;veh_0;Infinity;SAFE
253501400000;veh_1;7.362153980054556E12;SAFE
254001900000;veh_1;7.362153980054556E12;SAFE
254500900000;veh_1;7.362153980054556E12;SAFE
255002400000;veh_1;7.362153980054556E12;SAFE
255101900000;veh_0;Infinity;SAFE
255501400000;veh_1;7.362153980054556E12;SAFE
256000400000;veh_1;7.362153980054556E12;SAFE
256501400000;veh_1;7.362153980054556E12;SAFE
257000900000;veh_1;7.362153980054556E12;SAFE
257100900000;veh_0;Infinity;SAFE
257501400000;veh_1;7.362153980054556E12;SAFE
258001900000;veh_1;7.362153980054556E12;SAFE
258501900000;veh_1;7.362153980054556E12;SAFE
259000400000;veh_1;7.362153980054556E12;SAFE
259101900000;veh_0;Infinity;SAFE
259500900000;veh_1;7.362153980054556E12;SAFE
260001900000;veh_1;7.362153980054556E12;SAFE
260500400000;veh_1;7.362153980054556E12;SAFE
261002400000;veh_1;7.362153980054556E12;SAFE
261100900000;veh_0;Infinity;SAFE
261500400000;veh_1;7.362153980054556E12;SAFE
262001900000;veh_1;7.362153980054556E12;SAFE
262500400000;veh_1;7.362153980054556E12;SAFE
263001400000;veh_1;7.362153980054556E12;SAFE
263101900000;veh_0;Infinity;SAFE
263500400000;veh_1;7.362153980054556E12;SAFE
264000900000;veh_1;7.362153980054556E12;SAFE
264502400000;veh_1;7.362153980054556E12;SAFE
265002400000;veh_1;7.362153980054556E12;SAFE
265101900000;veh_0;Infinity;SAFE
265501400000;veh_1;7.362153980054556E12;SAFE
266001400000;veh_1;7.362153980054556E12;SAFE
266500900000;veh_1;7.362153980054556E12;SAFE
267001400000;veh_1;7.362153980054556E12;SAFE
267101400000;veh_0;Infinity;SAFE
267502400000;veh_1;7.362153980054556E12;SAFE
268002400000;veh_1;7.362153980054556E12;SAFE
268502400000;veh_1;7.362153980054556E12;SAFE
269002400000;veh_1;7.362153980054556E12;SAFE
269100400000;veh_0;Infinity;SAFE
269500400000;veh_1;7.362153980054556E12;SAFE
270002400000;veh_1;7.362153980054556E12;SAFE
270500900000;veh_1;7.362153980054556E12;SAFE
271000900000;veh_1;7.362153980054556E12;SAFE
271101900000;veh_0;Infinity;SAFE
271502400000;veh_1;7.362153980054556E12;SAFE
272000400000;veh_1;7.362153980054556E12;SAFE
272500400000;veh_1;7.362153980054556E12;SAFE
273001900000;veh_1;7.362153980054556E12;SAFE
273101900000;veh_0;Infinity;SAFE
273501900000;veh_1;7.362153980054556E12;SAFE
274000400000;veh_1;7.362153980054556E12;SAFE
274502400000;veh_1;7.362153980054556E12;SAFE
275000900000;veh_1;7.362153980054556E12;SAFE
275100900000;veh_0;Infinity;SAFE
275501900000;veh_1;7.362153980054556E12;SAFE
276000400000;veh_1;7.362153980054556E12;SAFE
276500900000;veh_1;7.362153980054556E12;SAFE
277002400000;veh_1;7.362153980054556E12;SAFE
277102400000;veh_0;Infinity;SAFE
277500900000;veh_1;7.362153980054556E12;SAFE
278000900000;veh_1;7.362153980054556E12;SAFE
278500400000;veh_1;7.362153980054556E12;SAFE
279002400000;veh_1;7.362153980054556E12;SAFE
279102400000;veh_0;Infinity;SAFE
279501400000;veh_1;7.362153980054556E12;SAFE
280000400000;veh_1;7.362153980054556E12;SAFE
280500900000;veh_1;7.362153980054556E12;SAFE
281001400000;veh_1;7.362153980054556E12;SAFE
281100900000;veh_0;Infinity;SAFE
281500900000;veh_1;7.362153980054556E12;SAFE
282002400000;veh_1;7.362153980054556E12;SAFE
282501900000;veh_1;7.362153980054556E12;SAFE
283001400000;veh_1;7.362153980054556E12;SAFE
283102400000;veh_0;Infinity;SAFE
283500400000;veh_1;7.362153980054556E12;SAFE
284001900000;veh_1;7.362153980054556E12;SAFE
284501900000;veh_1;7.362153980054556E12;SAFE
285000900000;veh_1;7.362153980054556E12;SAFE
285100400000;veh_0;Infinity;SAFE
285502400000;veh_1;7.362153980054556E12;SAFE
286001900000;veh_1;7.362153980054556E12;SAFE
286500900000;veh_1;7.362153980054556E12;SAFE
287000400000;veh_1;7.362153980054556E12;SAFE
287102400000;veh_0;Infinity;SAFE
287501900000;veh_1;7.362153980054556E12;SAFE
288000400000;veh_1;7.362153980054556E12;SAFE
288502400000;veh_1;7.362153980054556E12;SAFE
289001900000;veh_1;7.362153980054556E12;SAFE
289102400000;veh_0;Infinity;SAFE
289500400000;veh_1;7.362153980054556E12;SAFE
290002400000;veh_1;7.362153980054556E12;SAFE
290500900000;veh_1;7.362153980054556E12;SAFE
291000400000;veh_1;7.362153980054556E12;SAFE
291100400000;veh_0;Infinity;SAFE
291500900000;veh_1;7.362153980054556E12;SAFE
292002400000;veh_1;7.362153980054556E12;SAFE
292500900000;veh_1;7.362153980054556E12;SAFE
293000900000;veh_1;7.362153980054556E12;SAFE
293101400000;veh_0;Infinity;SAFE
293501400000;veh_1;7.362153980054556E12;SAFE
294001900000;veh_1;7.362153980054556E12;SAFE
294500400000;veh_1;7.362153980054556E12;SAFE
295000900000;veh_1;7.362153980054556E12;SAFE
295100400000;veh_0;Infinity;SAFE
295501400000;veh_1;7.362153980054556E12;SAFE
296001400000;veh_1;7.362153980054556E12;SAFE
296501900000;veh_1;7.362153980054556E12;SAFE
297000400000;veh_1;7.362153980054556E12;SAFE
297101400000;veh_0;Infinity;SAFE
297500400000;veh_1;7.362153980054556E12;SAFE
298001400000;veh_1;7.362153980054556E12;SAFE
298500900000;veh_1;7.362153980054556E12;SAFE
299000400000;veh_1;7.362153980054556E12;SAFE
299100900000;veh_0;Infinity;SAFE
299500400000;veh_1;7.362153980054556E12;SAFE
300001900000;veh_1;7.362153980054556E12;SAFE
300500900000;veh_1;7.362153980054556E12;SAFE
301001900000;veh_1;7.362153980054556E12;SAFE
301102400000;veh_0;Infinity;SAFE
301500900000;veh_1;7.362153980054556E12;SAFE
302000400000;veh_1;7.362153980054556E12;SAFE
302501900000;veh_1;7.362153980054556E12;SAFE
303000900000;veh_1;7.362153980054556E12;SAFE
303102400000;veh_0;Infinity;SAFE
303500900000;veh_1;7.362153980054556E12;SAFE
304002400000;veh_1;7.362153980054556E12;SAFE
304502400000;veh_1;7.362153980054556E12;SAFE
305001900000;veh_1;7.362153980054556E12;SAFE
305101900000;veh_0;Infinity;SAFE
305501900000;veh_1;7.362153980054556E12;SAFE
306000400000;veh_1;7.362153980054556E12;SAFE
306500900000;veh_1;7.362153980054556E12;SAFE
307000400000;veh_1;7.362153980054556E12;SAFE
307101900000;veh_0;Infinity;SAFE
307502400000;veh_1;7.362153980054556E12;SAFE
308000400000;veh_1;7.362153980054556E12;SAFE
308500400000;veh_1;7.362153980054556E12;SAFE
309001400000;veh_1;7.362153980054556E12;SAFE
309101400000;veh_0;Infinity;SAFE
309500400000;veh_1;7.362153980054556E12;SAFE
310002400000;veh_1;7.362153980054556E12;SAFE
310501900000;veh_1;7.362153980054556E12;SAFE
311000400000;veh_1;7.362153980054556E12;SAFE
311100900000;veh_0;Infinity;SAFE
311500900000;veh_1;7.362153980054556E12;SAFE
312000900000;veh_1;7.362153980054556E12;SAFE
312501900000;veh_1;7.362153980054556E12;SAFE
313000900000;veh_1;7.362153980054556E12;SAFE
313100400000;veh_0;Infinity;SAFE
313500400000;veh_1;7.362153980054556E12;SAFE
314000900000;veh_1;7.362153980054556E12;SAFE
314502400000;veh_1;7.362153980054556E12;SAFE
315000900000;veh_1;7.362153980054556E12;SAFE
315101900000;veh_0;Infinity;SAFE
315500400000;veh_1;7.362153980054556E12;SAFE
316001900000;veh_1;7.362153980054556E12;SAFE
316502400000;veh_1;7.362153980054556E12;SAFE
317000400000;veh_1;7.362153980054556E12;SAFE
317100400000;veh_0;Infinity;SAFE
317502400000;veh_1;7.362153980054556E12;SAFE
318000900000;veh_1;7.362153980054556E12;SAFE
318500400000;veh_1;7.362153980054556E12;SAFE
319001900000;veh_1;7.362153980054556E12;SAFE
319102400000;veh_0;Infinity;SAFE
319500900000;veh_1;7.362153980054556E12;SAFE
320001900000;veh_1;7.362153980054556E12;SAFE
320502400000;veh_1;7.362153980054556E12;SAFE
321001400000;veh_1;7.362153980054556E12;SAFE
321100900000;veh_0;Infinity;SAFE
321501900000;veh_1;7.362153980054556E12;SAFE
322000900000;veh_1;7.362153980054556E12;SAFE
322502400000;veh_1;7.362153980054556E12;SAFE
323001900000;veh_1;7.362153980054556E12;SAFE
323101400000;veh_0;Infinity;SAFE
323500900000;veh_1;7.362153980054556E12;SAFE
324002400000;veh_1;7.362153980054556E12;SAFE
324500900000;veh_1;7.362153980054556E12;SAFE
325000400000;veh_1;7.362153980054556E12;SAFE
325100900000;veh_0;Infinity;SAFE
325502400000;veh_1;7.362153980054556E12;SAFE
326000400000;veh_1;7.362153980054556E12;SAFE
326502400000;veh_1;7.362153980054556E12;SAFE
327000900000;veh_1;7.362153980054556E12;SAFE
327101900000;veh_0;Infinity;SAFE
327500400000;veh_1;7.362153980054556E12;SAFE
328001900000;veh_1;7.362153980054556E12;SAFE
328502400000;veh_1;7.362153980054556E12;SAFE
329001400000;veh_1;7.362153980054556E12;SAFE
329101400000;veh_0;Infinity;SAFE
329502400000;veh_1;7.362153980054556E12;SAFE
330000900000;veh_1;7.362153980054556E12;SAFE
330500400000;veh_1;7.362153980054556E12;SAFE
331000900000;veh_1;7.362153980054556E12;SAFE
331100900000;veh_0;Infinity;SAFE
331500400000;veh_1;7.362153980054556E12;SAFE
332001400000;veh_1;7.362153980054556E12;SAFE
332500900000;veh_1;7.362153980054556E12;SAFE
333000400000;veh_1;7.362153980054556E12;SAFE
333102400000;veh_0;Infinity;SAFE
333500900000;veh_1;7.362153980054556E12;SAFE
334002400000;veh_1;7.362153980054556E12;SAFE
334502400000;veh_1;7.362153980054556E12;SAFE
335001900000;veh_1;7.362153980054556E12;SAFE
335100400000;veh_0;Infinity;SAFE
335502400000;veh_1;7.362153980054556E12;SAFE
336002400000;veh_1;7.362153980054556E12;SAFE
336502400000;veh_1;7.362153980054556E12;SAFE
337002400000;veh_1;7.362153980054556E12;SAFE
337101900000;veh_0;Infinity;SAFE
337502400000;veh_1;7.362153980054556E12;SAFE
338001400000;veh_1;7.362153980054556E12;SAFE
338502400000;veh_1;7.362153980054556E12;SAFE
339001900000;veh_1;7.362153980054556E12;SAFE
339101900000;veh_0;Infinity;SAFE
339500900000;veh_1;7.362153980054556E12;SAFE
340001400000;veh_1;7.362153980054556E12;SAFE
340500400000;veh_1;7.362153980054556E12;SAFE
341002400000;veh_1;7.362153980054556E12;SAFE
341100900000;veh_0;Infinity;SAFE
341501400000;veh_1;7.362153980054556E12;SAFE
342000900000;veh_1;7.362153980054556E12;SAFE
342502400000;veh_1;7.362153980054556E12;SAFE
343000900000;veh_1;7.362153980054556E12;SAFE
343101400000;veh_0;Infinity;SAFE
343501900000;veh_1;7.362153980054556E12;SAFE
344001900000;veh_1;7.362153980054556E12;SAFE
344502400000;veh_1;7.362153980054556E12;SAFE
345001400000;veh_1;7.362153980054556E12;SAFE
345101400000;veh_0;Infinity;SAFE
345501400000;veh_1;7.362153980054556E12;SAFE
346001400000;veh_1;7.362153980054556E12;SAFE
346501900000;veh_1;7.362153980054556E12;SAFE
347000400000;veh_1;7.362153980054556E12;SAFE
347101900000;veh_0;Infinity;SAFE
347500900000;veh_1;7.362153980054556E12;SAFE
348001900000;veh_1;7.362153980054556E12;SAFE
348501900000;veh_1;7.362153980054556E12;SAFE
349000900000;veh_1;7.362153980054556E12;SAFE
349101900000;veh_0;Infinity;SAFE
349500900000;veh_1;7.362153980054556E12;SAFE
350001900000;veh_1;7.362153980054556E12;SAFE
350502400000;veh_1;7.362153980054556E12;SAFE
351001400000;veh_1;7.362153980054556E12;SAFE
351100900000;veh_0;Infinity;SAFE
351500400000;veh_1;7.362153980054556E12;SAFE
352002400000;veh_1;7.362153980054556E12;SAFE
352501900000;veh_1;7.362153980054556E12;SAFE
353000900000;veh_1;7.362153980054556E12;SAFE
353100400000;veh_0;Infinity;SAFE
353501400000;veh_1;7.362153980054556E12;SAFE
354000900000;veh_1;7.362153980054556E12;SAFE
354501400000;veh_1;7.362153980054556E12;SAFE
355001900000;veh_1;7.362153980054556E12;SAFE
355100900000;veh_0;Infinity;SAFE
355501400000;veh_1;7.362153980054556E12;SAFE
356000900000;veh_1;7.362153980054556E12;SAFE
356500400000;veh_1;7.362153980054556E12;SAFE
357001900000;veh_1;7.362153980054556E12;SAFE
357101900000;veh_0;Infinity;SAFE
357501900000;veh_1;7.362153980054556E12;SAFE
358000900000;veh_1;7.362153980054556E12;SAFE
358501400000;veh_1;7.362153980054556E12;SAFE
359002400000;veh_1;7.362153980054556E12;SAFE
359100400000;veh_0;Infinity;SAFE
359500900000;veh_1;7.362153980054556E12;SAFE
360001400000;veh_1;7.362153980054556E12;SAFE
360500900000;veh_1;7.362153980054556E12;SAFE
361001900000;veh_1;7.362153980054556E12;SAFE
361100900000;veh_0;Infinity;SAFE
361500900000;veh_1;7.362153980054556E12;SAFE
362002400000;veh_1;7.362153980054556E12;SAFE
362502400000;veh_1;7.362153980054556E12;SAFE
363001400000;veh_1;7.362153980054556E12;SAFE
363102400000;veh_0;Infinity;SAFE
363501900000;veh_1;7.362153980054556E12;SAFE
364000400000;veh_1;7.362153980054556E12;SAFE
364500900000;veh_1;7.362153980054556E12;SAFE
365001900000;veh_1;7.362153980054556E12;SAFE
365102400000;veh_0;Infinity;SAFE
365500900000;veh_1;7.362153980054556E12;SAFE
366001400000;veh_1;7.362153980054556E12;SAFE
366502400000;veh_1;7.362153980054556E12;SAFE
367000400000;veh_1;7.362153980054556E12;SAFE
367101900000;veh_0;Infinity;SAFE
367501400000;veh_1;7.362153980054556E12;SAFE
368001900000;veh_1;7.362153980054556E12;SAFE
368501900000;veh_1;7.362153980054556E12;SAFE
369001400000;veh_1;7.362153980054556E12;SAFE
369101400000;veh_0;Infinity;SAFE
369502400000;veh_1;7.362153980054556E12;SAFE
370000900000;veh_1;7.362153980054556E12;SAFE
370500900000;veh_1;7.362153980054556E12;SAFE
371000900000;veh_1;7.362153980054556E12;SAFE
371100900000;veh_0;Infinity;SAFE
371500400000;veh_1;7.362153980054556E12;SAFE
372000900000;veh_1;7.362153980054556E12;SAFE
372500400000;veh_1;7.362153980054556E12;SAFE
373001900000;veh_1;7.362153980054556E12;SAFE
373101900000;veh_0;Infinity;SAFE
373502400000;veh_1;7.362153980054556E12;SAFE
374000400000;veh_1;7.362153980054556E12;SAFE
374501400000;veh_1;7.362153980054556E12;SAFE
375000400000;veh_1;7.362153980054556E12;SAFE
375100400000;veh_0;Infinity;SAFE
375500900000;veh_1;7.362153980054556E12;SAFE
376002400000;veh_1;7.362153980054556E12;SAFE
376500400000;veh_1;7.362153980054556E12;SAFE
377000900000;veh_1;7.362153980054556E12;SAFE
377101400000;veh_0;Infinity;SAFE
377502400000;veh_1;7.362153980054556E12;SAFE
378001400000;veh_1;7.362153980054556E12;SAFE
378502400000;veh_1;7.362153980054556E12;SAFE
379000400000;veh_1;7.362153980054556E12;SAFE
379100900000;veh_0;Infinity;SAFE
379501900000;veh_1;7.362153980054556E12;SAFE
380000900000;veh_1;7.362153980054556E12;SAFE
380500400000;veh_1;7.362153980054556E12;SAFE
381000900000;veh_1;7.362153980054556E12;SAFE
381102400000;veh_0;Infinity;SAFE
381500900000;veh_1;7.362153980054556E12;SAFE
382000400000;veh_1;7.362153980054556E12;SAFE
382500900000;veh_1;7.362153980054556E12;SAFE
383002400000;veh_1;7.362153980054556E12;SAFE
383101400000;veh_0;Infinity;SAFE
383502400000;veh_1;7.362153980054556E12;SAFE
384000900000;veh_1;7.362153980054556E12;SAFE
384502400000;veh_1;7.362153980054556E12;SAFE
385001900000;veh_1;7.362153980054556E12;SAFE
385102400000;veh_0;Infinity;SAFE
385502400000;veh_1;7.362153980054556E12;SAFE
386001900000;veh_1;7.362153980054556E12;SAFE
386501400000;veh_1;7.362153980054556E12;SAFE
387001900000;veh_1;7.362153980054556E12;SAFE
387100400000;veh_0;Infinity;SAFE
387501400000;veh_1;7.362153980054556E12;SAFE
388002400000;veh_1;7.362153980054556E12;SAFE
388500900000;veh_1;7.362153980054556E12;SAFE
389000400000;veh_1;7.362153980054556E12;SAFE
389100900000;veh_0;Infinity;SAFE
389502400000;veh_1;7.362153980054556E12;SAFE
390002400000;veh_1;7.362153980054556E12;SAFE
390502400000;veh_1;7.362153980054556E12;SAFE
391001900000;veh_1;7.362153980054556E12;SAFE
391102400000;veh_0;Infinity;SAFE
391502400000;veh_1;7.362153980054556E12;SAFE
392002400000;veh_1;7.362153980054556E12;SAFE
392500900000;veh_1;7.362153980054556E12;SAFE
393001400000;veh_1;7.362153980054556E12;SAFE
393100900000;veh_0;Infinity;SAFE
393502400000;veh_1;7.362153980054556E12;SAFE
394000400000;veh_1;7.362153980054556E12;SAFE
394501400000;veh_1;7.362153980054556E12;SAFE
395000900000;veh_1;7.362153980054556E12;SAFE
395101900000;veh_0;Infinity;SAFE
395500400000;veh_1;7.362153980054556E12;SAFE
396001900000;veh_1;7.362153980054556E12;SAFE
396501400000;veh_1;7.362153980054556E12;SAFE
397001900000;veh_1;7.362153980054556E12;SAFE
397102400000;veh_0;Infinity;SAFE
397501400000;veh_1;7.362153980054556E12;SAFE
398001900000;veh_1;7.362153980054556E12;SAFE
398501900000;veh_1;7.362153980054556E12;SAFE
399000400000;veh_1;7.362153980054556E12;SAFE
399100900000;veh_0;Infinity;SAFE
399501900000;veh_1;7.362153980054556E12;SAFE
400000900000;veh_1;7.362153980054556E12;SAFE
400501900000;veh_1;7.362153980054556E12;SAFE
401001900000;veh_1;7.362153980054556E12;SAFE
401102400000;veh_0;Infinity;SAFE
401501900000;veh_1;7.362153980054556E12;SAFE
402000900000;veh_1;7.362153980054556E12;SAFE
402501400000;veh_1;7.362153980054556E12;SAFE
403000900000;veh_1;7.362153980054556E12;SAFE
403101900000;veh_0;Infinity;SAFE
403501400000;veh_1;7.362153980054556E12;SAFE
404000400000;veh_1;7.362153980054556E12;SAFE
404501900000;veh_1;7.362153980054556E12;SAFE
405000900000;veh_1;7.362153980054556E12;SAFE
405100400000;veh_0;Infinity;SAFE
405501400000;veh_1;7.362153980054556E12;SAFE
406001900000;veh_1;7.362153980054556E12;SAFE
406501400000;veh_1;7.362153980054556E12;SAFE
407001900000;veh_1;7.362153980054556E12;SAFE
407100900000;veh_0;Infinity;SAFE
407500900000;veh_1;7.362153980054556E12;SAFE
408002400000;veh_1;7.362153980054556E12;SAFE
408501400000;veh_1;7.362153980054556E12;SAFE
409000400000;veh_1;7.362153980054556E12;SAFE
409100900000;veh_0;Infinity;SAFE
409500400000;veh_1;7.362153980054556E12;SAFE
410001400000;veh_1;7.362153980054556E12;SAFE
410501900000;veh_1;7.362153980054556E12;SAFE
411001900000;veh_1;7.362153980054556E12;SAFE
411101900000;veh_0;Infinity;SAFE
411501900000;veh_1;7.362153980054556E12;SAFE
412001400000;veh_1;7.362153980054556E12;SAFE
412502400000;veh_1;7.362153980054556E12;SAFE
413002400000;veh_1;7.362153980054556E12;SAFE
413101900000;veh_0;Infinity;SAFE
413501900000;veh_1;7.362153980054556E12;SAFE
414002400000;veh_1;7.362153980054556E12;SAFE
414501900000;veh_1;7.362153980054556E12;SAFE
415000400000;veh_1;7.362153980054556E12;SAFE
415100900000;veh_0;Infinity;SAFE
415500900000;veh_1;7.362153980054556E12;SAFE
416000400000;veh_1;7.362153980054556E12;SAFE
416501400000;veh_1;7.362153980054556E12;SAFE
417000400000;veh_1;7.362153980054556E12;SAFE
417100400000;veh_0;Infinity;SAFE
417500400000;veh_1;7.362153980054556E12;SAFE
418001900000;veh_1;7.362153980054556E12;SAFE
418502400000;veh_1;7.362153980054556E12;SAFE
419001400000;veh_1;7.362153980054556E12;SAFE
419101900000;veh_0;Infinity;SAFE
419501900000;veh_1;7.362153980054556E12;SAFE
420001900000;veh_1;7.362153980054556E12;SAFE
420501400000;veh_1;7.362153980054556E12;SAFE
421002400000;veh_1;7.362153980054556E12;SAFE
421102400000;veh_0;Infinity;SAFE
421501900000;veh_1;7.362153980054556E12;SAFE
422000400000;veh_1;7.362153980054556E12;SAFE
422502400000;veh_1;7.362153980054556E12;SAFE
423001900000;veh_1;7.362153980054556E12;SAFE
423100400000;veh_0;Infinity;SAFE
423501400000;veh_1;7.362153980054556E12;SAFE
424001900000;veh_1;7.362153980054556E12;SAFE
424500900000;veh_1;7.362153980054556E12;SAFE
425002400000;veh_1;7.362153980054556E12;SAFE
425101400000;veh_0;Infinity;SAFE
425501400000;veh_1;7.362153980054556E12;SAFE
426000900000;veh_1;7.362153980054556E12;SAFE
426502400000;veh_1;7.362153980054556E12;SAFE
427001400000;veh_1;7.362153980054556E12;SAFE
427101900000;veh_0;Infinity;SAFE
427501400000;veh_1;7.362153980054556E12;SAFE
428000900000;veh_1;7.362153980054556E12;SAFE
428500400000;veh_1;7.362153980054556E12;SAFE
429002400000;veh_1;7.362153980054556E12;SAFE
429100400000;veh_0;Infinity;SAFE
429502400000;veh_1;7.362153980054556E12;SAFE
430002400000;veh_1;7.362153980054556E12;SAFE
430501400000;veh_1;7.362153980054556E12;SAFE
431001400000;veh_1;7.362153980054556E12;SAFE
431101400000;veh_0;Infinity;SAFE
431502400000;veh_1;7.362153980054556E12;SAFE
432001400000;veh_1;7.362153980054556E12;SAFE
432502400000;veh_1;7.362153980054556E12;SAFE
433001900000;veh_1;7.362153980054556E12;SAFE
433100900000;veh_0;Infinity;SAFE
433502400000;veh_1;7.362153980054556E12;SAFE
434000400000;veh_1;7.362153980054556E12;SAFE
434501900000;veh_1;7.362153980054556E12;SAFE
435000400000;veh_1;7.362153980054556E12;SAFE
435101400000;veh_0;Infinity;SAFE
435502400000;veh_1;7.362153980054556E12;SAFE
436002400000;veh_1;7.362153980054556E12;SAFE
436501400000;veh_1;7.362153980054556E12;SAFE
437001900000;veh_1;7.362153980054556E12;SAFE
437102400000;veh_0;Infinity;SAFE
437501900000;veh_1;7.362153980054556E12;SAFE
438001400000;veh_1;7.362153980054556E12;SAFE
438501900000;veh_1;7.362153980054556E12;SAFE
439000900000;veh_1;7.362153980054556E12;SAFE
439100900000;veh_0;Infinity;SAFE
439500400000;veh_1;7.362153980054556E12;SAFE
440000900000;veh_1;7.362153980054556E12;SAFE
440501900000;veh_1;7.362153980054556E12;SAFE
441001900000;veh_1;7.362153980054556E12;SAFE
441101400000;veh_0;Infinity;SAFE
441501900000;veh_1;7.362153980054556E12;SAFE
442001900000;veh_1;7.362153980054556E12;SAFE
442500400000;veh_1;7.362153980054556E12;SAFE
443000900000;veh_1;7.362153980054556E12;SAFE
443102400000;veh_0;Infinity;SAFE
443501400000;veh_1;7.362153980054556E12;SAFE
444000900000;veh_1;7.362153980054556E12;SAFE
444501400000;veh_1;7.362153980054556E12;SAFE
445002400000;veh_1;7.362153980054556E12;SAFE
445101900000;veh_0;Infinity;SAFE
445501400000;veh_1;7.362153980054556E12;SAFE
446000400000;veh_1;7.362153980054556E12;SAFE
446501900000;veh_1;7.362153980054556E12;SAFE
447000900000;veh_1;7.362153980054556E12;SAFE
447101900000;veh_0;Infinity;SAFE
447501400000;veh_1;7.362153980054556E12;SAFE
448000900000;veh_1;7.362153980054556E12;SAFE
448500400000;veh_1;7.362153980054556E12;SAFE
449002400000;veh_1;7.362153980054556E12;SAFE
449100900000;veh_0;Infinity;SAFE
449501400000;veh_1;7.362153980054556E12;SAFE
450002400000;veh_1;7.362153980054556E12;SAFE
450500400000;veh_1;7.362153980054556E12;SAFE
451000900000;veh_1;7.362153980054556E12;SAFE
451100400000;veh_0;Infinity;SAFE
451501900000;veh_1;7.362153980054556E12;SAFE
452000400000;veh_1;7.362153980054556E12;SAFE
452500400000;veh_1;7.362153980054556E12;SAFE
453001900000;veh_1;7.362153980054556E12;SAFE
453100400000;veh_0;Infinity;SAFE
453501400000;veh_1;7.362153980054556E12;SAFE
454001900000;veh_1;7.362153980054556E12;SAFE
454502400000;veh_1;7.362153980054556E12;SAFE
455001400000;veh_1;7.362153980054556E12;SAFE
455102400000;veh_0;Infinity;SAFE
455501900000;veh_1;7.362153980054556E12;SAFE
456000900000;veh_1;7.362153980054556E12;SAFE
456500400000;veh_1;7.362153980054556E12;SAFE
457002400000;veh_1;7.362153980054556E12;SAFE
457100400000;veh_0;Infinity;SAFE
457501900000;veh_1;7.362153980054556E12;SAFE
458002400000;veh_1;7.362153980054556E12;SAFE
458500400000;veh_1;7.362153980054556E12;SAFE
459000400000;veh_1;7.362153980054556E12;SAFE
459101400000;veh_0;Infinity;SAFE
459501400000;veh_1;7.362153980054556E12;SAFE
460000400000;veh_1;7.362153980054556E12;SAFE
460500900000;veh_1;7.362153980054556E12;SAFE
461001900000;veh_1;7.362153980054556E12;SAFE
461100900000;veh_0;Infinity;SAFE
461500900000;veh_1;7.362153980054556E12;SAFE
462000900000;veh_1;7.362153980054556E12;SAFE
462502400000;veh_1;7.362153980054556E12;SAFE
463001900000;veh_1;7.362153980054556E12;SAFE
463100400000;veh_0;Infinity;SAFE
463500400000;veh_1;7.362153980054556E12;SAFE
464000400000;veh_1;7.362153980054556E12;SAFE
464500900000;veh_1;7.362153980054556E12;SAFE
465002400000;veh_1;7.362153980054556E12;SAFE
465101400000;veh_0;Infinity;SAFE
465502400000;veh_1;7.362153980054556E12;SAFE
466001400000;veh_1;7.362153980054556E12;SAFE
466501400000;veh_1;7.362153980054556E12;SAFE
467001400000;veh_1;7.362153980054556E12;SAFE
467101900000;veh_0;Infinity;SAFE
467500900000;veh_1;7.362153980054556E12;SAFE
468000900000;veh_1;7.362153980054556E12;SAFE
468500400000;veh_1;7.362153980054556E12;SAFE
469002400000;veh_1;7.362153980054556E12;SAFE
469101400000;veh_0;Infinity;SAFE
469501400000;veh_1;7.362153980054556E12;SAFE
470002400000;veh_1;7.362153980054556E12;SAFE
470501900000;veh_1;7.362153980054556E12;SAFE
471002400000;veh_1;7.362153980054556E12;SAFE
471102400000;veh_0;Infinity;SAFE
471502400000;veh_1;7.362153980054556E12;SAFE
472000900000;veh_1;7.362153980054556E12;SAFE
472500900000;veh_1;7.362153980054556E12;SAFE
473000900000;veh_1;7.362153980054556E12;SAFE
473101400000;veh_0;Infinity;SAFE
473500900000;veh_1;7.362153980054556E12;SAFE
474000400000;veh_1;7.362153980054556E12;SAFE
474500900000;veh_1;7.362153980054556E12;SAFE
475001400000;veh_1;7.362153980054556E12;SAFE
475102400000;veh_0;Infinity;SAFE
475502400000;veh_1;7.362153980054556E12;SAFE
476000900000;veh_1;7.362153980054556E12;SAFE
476500400000;veh_1;7.362153980054556E12;SAFE
477000900000;veh_1;7.362153980054556E12;SAFE
477102400000;veh_0;Infinity;SAFE
477502400000;veh_1;7.362153980054556E12;SAFE
478000400000;veh_1;7.362153980054556E12;SAFE
478501900000;veh_1;7.362153980054556E12;SAFE
479000400000;veh_1;7.362153980054556E12;SAFE
479100900000;veh_0;Infinity;SAFE
479501900000;veh_1;7.362153980054556E12;SAFE
480000400000;veh_1;7.362153980054556E12;SAFE
480501900000;veh_1;7.362153980054556E12;SAFE
481000400000;veh_1;7.362153980054556E12;SAFE
481101900000;veh_0;Infinity;SAFE
481500400000;veh_1;7.362153980054556E12;SAFE
482002400000;veh_1;7.362153980054556E12;SAFE
482500900000;veh_1;7.362153980054556E12;SAFE
483001400000;veh_1;7.362153980054556E12;SAFE
483100900000;veh_0;Infinity;SAFE
483501400000;veh_1;7.362153980054556E12;SAFE
484001900000;veh_1;7.362153980054556E12;SAFE
484501400000;veh_1;7.362153980054556E12;SAFE
485000900000;veh_1;7.362153980054556E12;SAFE
485101900000;veh_0;Infinity;SAFE
485501900000;veh_1;7.362153980054556E12;SAFE
486001900000;veh_1;7.362153980054556E12;SAFE
486501900000;veh_1;7.362153980054556E12;SAFE
487000400000;veh_1;7.362153980054556E12;SAFE
487100900000;veh_0;Infinity;SAFE
487502400000;veh_1;7.362153980054556E12;SAFE
488001900000;veh_1;7.362153980054556E12;SAFE
488502400000;veh_1;7.362153980054556E12;SAFE
489001400000;veh_1;7.362153980054556E12;SAFE
489100400000;veh_0;Infinity;SAFE
489500400000;veh_1;7.362153980054556E12;SAFE
490001900000;veh_1;7.362153980054556E12;SAFE
490500400000;veh_1;7.362153980054556E12;SAFE
491001400000;veh_1;7.362153980054556E12;SAFE
491101900000;veh_0;Infinity;SAFE
491501400000;veh_1;7.362153980054556E12;SAFE
492000900000;veh_1;7.362153980054556E12;SAFE
492500900000;veh_1;7.362153980054556E12;SAFE
493000400000;veh_1;7.362153980054556E12;SAFE
493100400000;veh_0;Infinity;SAFE
493502400000;veh_1;7.362153980054556E12;SAFE
494002400000;veh_1;7.362153980054556E12;SAFE
494501400000;veh_1;7.362153980054556E12;SAFE
495000400000;veh_1;7.362153980054556E12;SAFE
495102400000;veh_0;Infinity;SAFE
495501900000;veh_1;7.362153980054556E12;SAFE
496001900000;veh_1;7.362153980054556E12;SAFE
496500400000;veh_1;7.362153980054556E12;SAFE
497002400000;veh_1;7.362153980054556E12;SAFE
497101900000;veh_0;Infinity;SAFE
497501400000;veh_1;7.362153980054556E12;SAFE
498000400000;veh_1;7.362153980054556E12;SAFE
498502400000;veh_1;7.362153980054556E12;SAFE
499000400000;veh_1;7.362153980054556E12;SAFE
499101400000;veh_0;Infinity;SAFE
499502400000;veh_1;7.362153980054556E12;SAFE
500001900000;veh_1;7.362153980054556E12;SAFE
500500900000;veh_1;7.362153980054556E12;SAFE
501000400000;veh_1;7.362153980054556E12;SAFE
501101900000;veh_0;Infinity;SAFE
501500900000;veh_1;7.362153980054556E12;SAFE
502002400000;veh_1;7.362153980054556E12;SAFE
502500400000;veh_1;7.362153980054556E12;SAFE
503001400000;veh_1;7.362153980054556E12;SAFE
503102400000;veh_0;Infinity;SAFE
503500900000;veh_1;7.362153980054556E12;SAFE
504001400000;veh_1;7.362153980054556E12;SAFE
504502400000;veh_1;7.362153980054556E12;SAFE
505002400000;veh_1;7.362153980054556E12;SAFE
505101400000;veh_0;Infinity;SAFE
505500900000;veh_1;7.362153980054556E12;SAFE
506002400000;veh_1;7.362153980054556E12;SAFE
506500900000;veh_1;7.362153980054556E12;SAFE
507000400000;veh_1;7.362153980054556E12;SAFE
507100900000;veh_0;Infinity;SAFE
507500400000;veh_1;7.362153980054556E12;SAFE
508000400000;veh_1;7.362153980054556E12;SAFE
508500400000;veh_1;7.362153980054556E12;SAFE
509000900000;veh_1;7.362153980054556E12;SAFE
509100900000;veh_0;Infinity;SAFE
509502400000;veh_1;7.362153980054556E12;SAFE
510000400000;veh_1;7.362153980054556E12;SAFE
510500900000;veh_1;7.362153980054556E12;SAFE
511002400000;veh_1;7.362153980054556E12;SAFE
511101900000;veh_0;Infinity;SAFE
511500900000;veh_1;7.362153980054556E12;SAFE
512001400000;veh_1;7.362153980054556E12;SAFE
512502400000;veh_1;7.362153980054556E12;SAFE
513001400000;veh_1;7.362153980054556E12;SAFE
513100900000;veh_0;Infinity;SAFE
513500900000;veh_1;7.362153980054556E12;SAFE
514000900000;veh_1;7.362153980054556E12;SAFE
514501900000;veh_1;7.362153980054556E12;SAFE
515000400000;veh_1;7.362153980054556E12;SAFE
515102400000;veh_0;Infinity;SAFE
515501400000;veh_1;7.362153980054556E12;SAFE
516001400000;veh_1;7.362153980054556E12;SAFE
516502400000;veh_1;7.362153980054556E12;SAFE
517001400000;veh_1;7.362153980054556E12;SAFE
517100400000;veh_0;Infinity;SAFE
517500900000;veh_1;7.362153980054556E12;SAFE
518000400000;veh_1;7.362153980054556E12;SAFE
518501900000;veh_1;7.362153980054556E12;SAFE
519000900000;veh_1;7.362153980054556E12;SAFE
519102400000;veh_0;Infinity;SAFE
519501400000;veh_1;7.362153980054556E12;SAFE
520001400000;veh_1;7.362153980054556E12;SAFE
520501400000;veh_1;7.362153980054556E12;SAFE
521001400000;veh_1;7.362153980054556E12;SAFE
521100400000;veh_0;Infinity;SAFE
521501900000;veh_1;7.362153980054556E12;SAFE
522001900000;veh_1;7.362153980054556E12;SAFE
522502400000;veh_1;7.362153980054556E12;SAFE
523002400000;veh_1;7.362153980054556E12;SAFE
523102400000;veh_0;Infinity;SAFE
523502400000;veh_1;7.362153980054556E12;SAFE
524001400000;veh_1;7.362153980054556E12;SAFE
524501400000;veh_1;7.362153980054556E12;SAFE
525000400000;veh_1;7.362153980054556E12;SAFE
525102400000;veh_0;Infinity;SAFE
525500400000;veh_1;7.362153980054556E12;SAFE
526001900000;veh_1;7.362153980054556E12;SAFE
526502400000;veh_1;7.362153980054556E12;SAFE
527000900000;veh_1;7.362153980054556E12;SAFE
527100900000;veh_0;Infinity;SAFE
527500400000;veh_1;7.362153980054556E12;SAFE
528000400000;veh_1;7.362153980054556E12;SAFE
528501400000;veh_1;7.362153980054556E12;SAFE
529000400000;veh_1;7.362153980054556E12;SAFE
529100400000;veh_0;Infinity;SAFE
529500400000;veh_1;7.362153980054556E12;SAFE
530002400000;veh_1;7.362153980054556E12;SAFE
530502400000;veh_1;7.362153980054556E12;SAFE
531001400000;veh_1;7.362153980054556E12;SAFE
531101400000;veh_0;Infinity;SAFE
531502400000;veh_1;7.362153980054556E12;SAFE
532001400000;veh_1;7.362153980054556E12;SAFE
532501400000;veh_1;7.362153980054556E12;SAFE
533001900000;veh_1;7.362153980054556E12;SAFE
533100400000;veh_0;Infinity;SAFE
533502400000;veh_1;7.362153980054556E12;SAFE
534001400000;veh_1;7.362153980054556E12;SAFE
534500900000;veh_1;7.362153980054556E12;SAFE
535001400000;veh_1;7.362153980054556E12;SAFE
535101400000;veh_0;Infinity;SAFE
535500400000;veh_1;7.362153980054556E12;SAFE
536000400000;veh_1;7.362153980054556E12;SAFE
536501900000;veh_1;7.362153980054556E12;SAFE
537001900000;veh_1;7.362153980054556E12;SAFE
537100900000;veh_0;Infinity;SAFE
537500900000;veh_1;7.362153980054556E12;SAFE
538001900000;veh_1;7.362153980054556E12;SAFE
538502400000;veh_1;7.362153980054556E12;SAFE
539002400000;veh_1;7.362153980054556E12;SAFE
539100400000;veh_0;Infinity;SAFE
539502400000;veh_1;7.362153980054556E12;SAFE
540001900000;veh_1;7.362153980054556E12;SAFE
540501400000;veh_1;7.362153980054556E12;SAFE
541000400000;veh_1;7.362153980054556E12;SAFE
541101900000;veh_0;Infinity;SAFE
541502400000;veh_1;7.362153980054556E12;SAFE
542000900000;veh_1;7.362153980054556E12;SAFE
542502400000;veh_1;7.362153980054556E12;SAFE
543002400000;veh_1;7.362153980054556E12;SAFE
543101400000;veh_0;Infinity;SAFE
543500900000;veh_1;7.362153980054556E12;SAFE
544000900000;veh_1;7.362153980054556E12;SAFE
544502400000;veh_1;7.362153980054556E12;SAFE
545002400000;veh_1;7.362153980054556E12;SAFE
545100400000;veh_0;Infinity;SAFE
545501400000;veh_1;7.362153980054556E12;SAFE
546002400000;veh_1;7.362153980054556E12;SAFE
546501900000;veh_1;7.362153980054556E12;SAFE
547001900000;veh_1;7.362153980054556E12;SAFE
547101400000;veh_0;Infinity;SAFE
547501400000;veh_1;7.362153980054556E12;SAFE
548001900000;veh_1;7.362153980054556E12;SAFE
548501900000;veh_1;7.362153980054556E12;SAFE
549001900000;veh_1;7.362153980054556E12;SAFE
549101400000;veh_0;Infinity;SAFE
549502400000;veh_1;7.362153980054556E12;SAFE
550001400000;veh_1;7.362153980054556E12;SAFE
550502400000;veh_1;7.362153980054556E12;SAFE
551001400000;veh_1;7.362153980054556E12;SAFE
551101400000;veh_0;Infinity;SAFE
551500900000;veh_1;7.362153980054556E12;SAFE
552000400000;veh_1;7.362153980054556E12;SAFE
552501400000;veh_1;7.362153980054556E12;SAFE
553001900000;veh_1;7.362153980054556E12;SAFE
553101900000;veh_0;Infinity;SAFE
553501400000;veh_1;7.362153980054556E12;SAFE
554001400000;veh_1;7.362153980054556E12;SAFE
554500900000;veh_1;7.362153980054556E12;SAFE
555001900000;veh_1;7.362153980054556E12;SAFE
555100900000;veh_0;Infinity;SAFE
555502400000;veh_1;7.362153980054556E12;SAFE
556001900000;veh_1;7.362153980054556E12;SAFE
556502400000;veh_1;7.362153980054556E12;SAFE
557002400000;veh_1;7.362153980054556E12;SAFE
557101400000;veh_0;Infinity;SAFE
557500900000;veh_1;7.362153980054556E12;SAFE
558000900000;veh_1;7.362153980054556E12;SAFE
558502400000;veh_1;7.362153980054556E12;SAFE
559001400000;veh_1;7.362153980054556E12;SAFE
559100400000;veh_0;Infinity;SAFE
559501900000;veh_1;7.362153980054556E12;SAFE
560001900000;veh_1;7.362153980054556E12;SAFE
560501400000;veh_1;7.362153980054556E12;SAFE
561000900000;veh_1;7.362153980054556E12;SAFE
561102400000;veh_0;Infinity;SAFE
561500900000;veh_1;7.362153980054556E12;SAFE
562001400000;veh_1;7.362153980054556E12;SAFE
562500400000;veh_1;7.362153980054556E12;SAFE
563000400000;veh_1;7.362153980054556E12;SAFE
563100900000;veh_0;Infinity;SAFE
563501900000;veh_1;7.362153980054556E12;SAFE
564001900000;veh_1;7.362153980054556E12;SAFE
564501900000;veh_1;7.362153980054556E12;SAFE
565001400000;veh_1;7.362153980054556E12;SAFE
565100400000;veh_0;Infinity;SAFE
565501900000;veh_1;7.362153980054556E12;SAFE
566000900000;veh_1;7.362153980054556E12;SAFE
566500400000;veh_1;7.362153980054556E12;SAFE
567000400000;veh_1;7.362153980054556E12;SAFE
567102400000;veh_0;Infinity;SAFE
567501900000;veh_1;7.362153980054556E12;SAFE
568001900000;veh_1;7.362153980054556E12;SAFE
568501900000;veh_1;7.362153980054556E12;SAFE
569002400000;veh_1;7.362153980054556E12;SAFE
569100900000;veh_0;Infinity;SAFE
569501900000;veh_1;7.362153980054556E12;SAFE
570001400000;veh_1;7.362153980054556E12;SAFE
570500400000;veh_1;7.362153980054556E12;SAFE
571002400000;veh_1;7.362153980054556E12;SAFE
571101400000;veh_0;Infinity;SAFE
571501400000;veh_1;7.362153980054556E12;SAFE
572000900000;veh_1;7.362153980054556E12;SAFE
572501900000;veh_1;7.362153980054556E12;SAFE
573002400000;veh_1;7.362153980054556E12;SAFE
573101400000;veh_0;Infinity;SAFE
573500900000;veh_1;7.362153980054556E12;SAFE
574001900000;veh_1;7.362153980054556E12;SAFE
574501900000;veh_1;7.362153980054556E12;SAFE
575001400000;veh_1;7.362153980054556E12;SAFE
575100400000;veh_0;Infinity;SAFE
575501900000;veh_1;7.362153980054556E12;SAFE
576000400000;veh_1;7.362153980054556E12;SAFE
576501900000;veh_1;7.362153980054556E12;SAFE
577002400000;veh_1;7.362153980054556E12;SAFE
577101900000;veh_0;Infinity;SAFE
577502400000;veh_1;7.362153980054556E12;SAFE
578000400000;veh_1;7.362153980054556E12;SAFE
578502400000;veh_1;7.362153980054556E12;SAFE
579000400000;veh_1;7.362153980054556E12;SAFE
579101400000;veh_0;Infinity;SAFE
579501900000;veh_1;7.362153980054556E12;SAFE
580001400000;veh_1;7.362153980054556E12;SAFE
580501900000;veh_1;7.362153980054556E12;SAFE
581002400000;veh_1;7.362153980054556E12;SAFE
581100400000;veh_0;Infinity;SAFE
581501400000;veh_1;7.362153980054556E12;SAFE
582000900000;veh_1;7.362153980054556E12;SAFE
582500400000;veh_1;7.362153980054556E12;SAFE
583000400000;veh_1;7.362153980054556E12;SAFE
583100400000;veh_0;Infinity;SAFE
583500400000;veh_1;7.362153980054556E12;SAFE
584001900000;veh_1;7.362153980054556E12;SAFE
584501400000;veh_1;7.362153980054556E12;SAFE
585001400000;veh_1;7.362153980054556E12;SAFE
585102400000;veh_0;Infinity;SAFE
585502400000;veh_1;7.362153980054556E12;SAFE
586001900000;veh_1;7.362153980054556E12;SAFE
586502400000;veh_1;7.362153980054556E12;SAFE
587000400000;veh_1;7.362153980054556E12;SAFE
587100900000;veh_0;Infinity;SAFE
587500900000;veh_1;7.362153980054556E12;SAFE
588001900000;veh_1;7.362153980054556E12;SAFE
588501900000;veh_1;7.362153980054556E12;SAFE
589001900000;veh_1;7.362153980054556E12;SAFE
589101400000;veh_0;Infinity;SAFE
589502400000;veh_1;7.362153980054556E12;SAFE
590000400000;veh_1;7.362153980054556E12;SAFE
590501900000;veh_1;7.362153980054556E12;SAFE
591000900000;veh_1;7.362153980054556E12;SAFE
591101400000;veh_0;Infinity;SAFE
591501900000;veh_1;7.362153980054556E12;SAFE
592001400000;veh_1;7.362153980054556E12;SAFE
592501900000;veh_1;7.362153980054556E12;SAFE
593001900000;veh_1;7.362153980054556E12;SAFE
593101400000;veh_0;Infinity;SAFE
593501900000;veh_1;7.362153980054556E12;SAFE
594001400000;veh_1;7.362153980054556E12;SAFE
594501900000;veh_1;7.362153980054556E12;SAFE
595000400000;veh_1;7.362153980054556E12;SAFE
595101400000;veh_0;Infinity;SAFE
595500400000;veh_1;7.362153980054556E12;SAFE
596002400000;veh_1;7.362153980054556E12;SAFE
596500400000;veh_1;7.362153980054556E12;SAFE
597001400000;veh_1;7.362153980054556E12;SAFE
597101900000;veh_0;Infinity;SAFE
597501900000;veh_1;7.362153980054556E12;SAFE
598000900000;veh_1;7.362153980054556E12;SAFE
598501900000;veh_1;7.362153980054556E12;SAFE
599001400000;veh_1;7.362153980054556E12;SAFE
599100400000;veh_0;Infinity;SAFE
599500900000;veh_1;7.362153980054556E12;SAFE
600000400000;veh_1;7.362153980054556E12;SAFE
600500400000;veh_1;7.362153980054556E12;SAFE
601000900000;veh_1;7.362153980054556E12;SAFE
601101900000;veh_0;Infinity;SAFE
601502400000;veh_1;7.362153980054556E12;SAFE
602001400000;veh_1;7.362153980054556E12;SAFE
602501400000;veh_1;7.362153980054556E12;SAFE
603000400000;veh_1;7.362153980054556E12;SAFE
603100900000;veh_0;Infinity;SAFE
603501400000;veh_1;7.362153980054556E12;SAFE
604001900000;veh_1;7.362153980054556E12;SAFE
604501900000;veh_1;7.362153980054556E12;SAFE
605001900000;veh_1;7.362153980054556E12;SAFE
605101400000;veh_0;Infinity;SAFE
605501900000;veh_1;7.362153980054556E12;SAFE
606000400000;veh_1;7.362153980054556E12;SAFE
606501400000;veh_1;7.362153980054556E12;SAFE
607000400000;veh_1;7.362153980054556E12;SAFE
607100900000;veh_0;Infinity;SAFE
607501400000;veh_1;7.362153980054556E12;SAFE
608000400000;veh_1;7.362153980054556E12;SAFE
608500400000;veh_1;7.362153980054556E12;SAFE
609001900000;veh_1;7.362153980054556E12;SAFE
609100900000;veh_0;Infinity;SAFE
609500400000;veh_1;7.362153980054556E12;SAFE
610000400000;veh_1;7.362153980054556E12;SAFE
610501400000;veh_1;7.362153980054556E12;SAFE
611002400000;veh_1;7.362153980054556E12;SAFE
611100900000;veh_0;Infinity;SAFE
611500900000;veh_1;7.362153980054556E12;SAFE
612001900000;veh_1;7.362153980054556E12;SAFE
612502400000;veh_1;7.362153980054556E12;SAFE
613001900000;veh_1;7.362153980054556E12;SAFE
613100900000;veh_0;Infinity;SAFE
613500400000;veh_1;7.362153980054556E12;SAFE
614000400000;veh_1;7.362153980054556E12;SAFE
614501400000;veh_1;7.362153980054556E12;SAFE
615000400000;veh_1;7.362153980054556E12;SAFE
615101900000;veh_0;Infinity;SAFE
615501400000;veh_1;7.362153980054556E12;SAFE
616000900000;veh_1;7.362153980054556E12;SAFE
616500400000;veh_1;7.362153980054556E12;SAFE
617002400000;veh_1;7.362153980054556E12;SAFE
617102400000;veh_0;Infinity;SAFE
617500400000;veh_1;7.362153980054556E12;SAFE
618000900000;veh_1;7.362153980054556E12;SAFE
618501900000;veh_1;7.362153980054556E12;SAFE
619000400000;veh_1;7.362153980054556E12;SAFE
619100400000;veh_0;Infinity;SAFE
619502400000;veh_1;7.362153980054556E12;SAFE
620000900000;veh_1;7.362153980054556E12;SAFE
620501400000;veh_1;7.362153980054556E12;SAFE
621000900000;veh_1;7.362153980054556E12;SAFE
621101400000;veh_0;Infinity;SAFE
621501400000;veh_1;7.362153980054556E12;SAFE
622000900000;veh_1;7.362153980054556E12;SAFE
622501900000;veh_1;7.362153980054556E12;SAFE
623000900000;veh_1;7.362153980054556E12;SAFE
623100400000;veh_0;Infinity;SAFE
623502400000;veh_1;7.362153980054556E12;SAFE
624000400000;veh_1;7.362153980054556E12;SAFE
624500900000;veh_1;7.362153980054556E12;SAFE
625002400000;veh_1;7.362153980054556E12;SAFE
625100400000;veh_0;Infinity;SAFE
625501900000;veh_1;7.362153980054556E12;SAFE
626001400000;veh_1;7.362153980054556E12;SAFE
626501900000;veh_1;7.362153980054556E12;SAFE
627001400000;veh_1;7.362153980054556E12;SAFE
627100400000;veh_0;Infinity;SAFE
627501900000;veh_1;7.362153980054556E12;SAFE
628002400000;veh_1;7.362153980054556E12;SAFE
628501900000;veh_1;7.362153980054556E12;SAFE
629002400000;veh_1;7.362153980054556E12;SAFE
629100900000;veh_0;Infinity;SAFE
629500400000;veh_1;7.362153980054556E12;SAFE
630000900000;veh_1;7.362153980054556E12;SAFE
630501400000;veh_1;7.362153980054556E12;SAFE
631002400000;veh_1;7.362153980054556E12;SAFE
631101900000;veh_0;Infinity;SAFE
631501900000;veh_1;7.362153980054556E12;SAFE
632000900000;veh_1;7.362153980054556E12;SAFE
632500900000;veh_1;7.362153980054556E12;SAFE
633002400000;veh_1;7.362153980054556E12;SAFE
633101900000;veh_0;Infinity;SAFE
633502400000;veh_1;7.362153980054556E12;SAFE
634000900000;veh_1;7.362153980054556E12;SAFE
634500400000;veh_1;7.362153980054556E12;SAFE
635001400000;veh_1;7.362153980054556E12;SAFE
635101900000;veh_0;Infinity;SAFE
635501900000;veh_1;7.362153980054556E12;SAFE
636001400000;veh_1;7.362153980054556E12;SAFE
636501400000;veh_1;7.362153980054556E12;SAFE
637000400000;veh_1;7.362153980054556E12;SAFE
637102400000;veh_0;Infinity;SAFE
637502400000;veh_1;7.362153980054556E12;SAFE
638002400000;veh_1;7.362153980054556E12;SAFE
638501400000;veh_1;7.362153980054556E12;SAFE
639001900000;veh_1;7.362153980054556E12;SAFE
639102400000;veh_0;Infinity;SAFE
639501900000;veh_1;7.362153980054556E12;SAFE
640000900000;veh_1;7.362153980054556E12;SAFE
640500400000;veh_1;7.362153980054556E12;SAFE
641000400000;veh_1;7.362153980054556E12;SAFE
641101900000;veh_0;Infinity;SAFE
641500900000;veh_1;7.362153980054556E12;SAFE
642000400000;veh_1;7.362153980054556E12;SAFE
642502400000;veh_1;7.362153980054556E12;SAFE
643001900000;veh_1;7.362153980054556E12;SAFE
643100400000;veh_0;Infinity;SAFE
643502400000;veh_1;7.362153980054556E12;SAFE
644000400000;veh_1;7.362153980054556E12;SAFE
644500900000;veh_1;7.362153980054556E12;SAFE
645000400000;veh_1;7.362153980054556E12;SAFE
645101900000;veh_0;Infinity;SAFE
645501400000;veh_1;7.362153980054556E12;SAFE
646002400000;veh_1;7.362153980054556E12;SAFE
646502400000;veh_1;7.362153980054556E12;SAFE
647000900000;veh_1;7.362153980054556E12;SAFE
647101400000;veh_0;Infinity;SAFE
647500900000;veh_1;7.362153980054556E12;SAFE
648002400000;veh_1;7.362153980054556E12;SAFE
648500900000;veh_1;7.362153980054556E12;SAFE
649001900000;veh_1;7.362153980054556E12;SAFE
649102400000;veh_0;Infinity;SAFE
649502400000;veh_1;7.362153980054556E12;SAFE
650001400000;veh_1;7.362153980054556E12;SAFE
650501900000;veh_1;7.362153980054556E12;SAFE
651000900000;veh_1;7.362153980054556E12;SAFE
651100400000;veh_0;Infinity;SAFE
651502400000;veh_1;7.362153980054556E12;SAFE
652001900000;veh_1;7.362153980054556E12;SAFE
652500400000;veh_1;7.362153980054556E12;SAFE
653000900000;veh_1;7.362153980054556E12;SAFE
653101900000;veh_0;Infinity;SAFE
653500400000;veh_1;7.362153980054556E12;SAFE
654000900000;veh_1;7.362153980054556E12;SAFE
654501400000;veh_1;7.362153980054556E12;SAFE
655000900000;veh_1;7.362153980054556E12;SAFE
655102400000;veh_0;Infinity;SAFE
655500400000;veh_1;7.362153980054556E12;SAFE
656001400000;veh_1;7.362153980054556E12;SAFE
656501400000;veh_1;7.362153980054556E12;SAFE
657002400000;veh_1;7.362153980054556E12;SAFE
657102400000;veh_0;Infinity;SAFE
657501900000;veh_1;7.362153980054556E12;SAFE
658002400000;veh_1;7.362153980054556E12;SAFE
658502400000;veh_1;7.362153980054556E12;SAFE
659001900000;veh_1;7.362153980054556E12;SAFE
659100900000;veh_0;Infinity;SAFE
659501400000;veh_1;7.362153980054556E12;SAFE
660000400000;veh_1;7.362153980054556E12;SAFE
660502400000;veh_1;7.362153980054556E12;SAFE
661000400000;veh_1;7.362153980054556E12;SAFE
661100900000;veh_0;Infinity;SAFE
661500900000;veh_1;7.362153980054556E12;SAFE
662002400000;veh_1;7.362153980054556E12;SAFE
662501900000;veh_1;7.362153980054556E12;SAFE
663000400000;veh_1;7.362153980054556E12;SAFE
663101900000;veh_0;Infinity;SAFE
663500900000;veh_1;7.362153980054556E12;SAFE
664002400000;veh_1;7.362153980054556E12;SAFE
664502400000;veh_1;7.362153980054556E12;SAFE
665000900000;veh_1;7.362153980054556E12;SAFE
665100900000;veh_0;Infinity;SAFE
665500900000;veh_1;7.362153980054556E12;SAFE
666002400000;veh_1;7.362153980054556E12;SAFE
666502400000;veh_1;7.362153980054556E12;SAFE
667002400000;veh_1;7.362153980054556E12;SAFE
667100900000;veh_0;Infinity;SAFE
667501400000;veh_1;7.362153980054556E12;SAFE
668002400000;veh_1;7.362153980054556E12;SAFE
668501400000;veh_1;7.362153980054556E12;SAFE
669001400000;veh_1;7.362153980054556E12;SAFE
669100900000;veh_0;Infinity;SAFE
669500400000;veh_1;7.362153980054556E12;SAFE
670002400000;veh_1;7.362153980054556E12;SAFE
670502400000;veh_1;7.362153980054556E12;SAFE
671002400000;veh_1;7.362153980054556E12;SAFE
671102400000;veh_0;Infinity;SAFE
671501900000;veh_1;7.362153980054556E12;SAFE
672002400000;veh_1;7.362153980054556E12;SAFE
672500400000;veh_1;7.362153980054556E12;SAFE
673002400000;veh_1;7.362153980054556E12;SAFE
673102400000;veh_0;Infinity;SAFE
673501900000;veh_1;7.362153980054556E12;SAFE
674001900000;veh_1;7.362153980054556E12;SAFE
674500900000;veh_1;7.362153980054556E12;SAFE
675000900000;veh_1;7.362153980054556E12;SAFE
675101900000;veh_0;Infinity;SAFE
675501400000;veh_1;7.362153980054556E12;SAFE
676001400000;veh_1;7.362153980054556E12;SAFE
676502400000;veh_1;7.362153980054556E12;SAFE
677000400000;veh_1;7.362153980054556E12;SAFE
677100400000;veh_0;Infinity;SAFE
677502400000;veh_1;7.362153980054556E12;SAFE
678001400000;veh_1;7.362153980054556E12;SAFE
678500900000;veh_1;7.362153980054556E12;SAFE
679001900000;veh_1;7.362153980054556E12;SAFE
679102400000;veh_0;Infinity;SAFE
679500900000;veh_1;7.362153980054556E12;SAFE
680000900000;veh_1;7.362153980054556E12;SAFE
680500900000;veh_1;7.362153980054556E12;SAFE
681000400000;veh_1;7.362153980054556E12;SAFE
681102400000;veh_0;Infinity;SAFE
681501900000;veh_1;7.362153980054556E12;SAFE
682000900000;veh_1;7.362153980054556E12;SAFE
682501400000;veh_1;7.362153980054556E12;SAFE
683000900000;veh_1;7.362153980054556E12;SAFE
683101400000;veh_0;Infinity;SAFE
683500900000;veh_1;7.362153980054556E12;SAFE
684002400000;veh_1;7.362153980054556E12;SAFE
684500900000;veh_1;7.362153980054556E12;SAFE
685001900000;veh_1;7.362153980054556E12;SAFE
685101900000;veh_0;Infinity;SAFE
685500900000;veh_1;7.362153980054556E12;SAFE
686001900000;veh_1;7.362153980054556E12;SAFE
686500900000;veh_1;7.362153980054556E12;SAFE
687001400000;veh_1;7.362153980054556E12;SAFE
687100900000;veh_0;Infinity;SAFE
687501900000;veh_1;7.362153980054556E12;SAFE
688001900000;veh_1;7.362153980054556E12;SAFE
688501400000;veh_1;7.362153980054556E12;SAFE
689001900000;veh_1;7.362153980054556E12;SAFE
689100400000;veh_0;Infinity;SAFE
689500400000;veh_1;7.362153980054556E12;SAFE
690002400000;veh_1;7.362153980054556E12;SAFE
690501400000;veh_1;7.362153980054556E12;SAFE
691002400000;veh_1;7.362153980054556E12;SAFE
691102400000;veh_0;Infinity;SAFE
691502400000;veh_1;7.362153980054556E12;SAFE
692000400000;veh_1;7.362153980054556E12;SAFE
692501400000;veh_1;7.362153980054556E12;SAFE
693000400000;veh_1;7.362153980054556E12;SAFE
693100400000;veh_0;Infinity;SAFE
693501400000;veh_1;7.362153980054556E12;SAFE
694001400000;veh_1;7.362153980054556E12;SAFE
694501900000;veh_1;7.362153980054556E12;SAFE
695001900000;veh_1;7.362153980054556E12;SAFE
695101400000;veh_0;Infinity;SAFE
695500900000;veh_1;7.362153980054556E12;SAFE
696000900000;veh_1;7.362153980054556E12;SAFE
696500400000;veh_1;7.362153980054556E12;SAFE
697002400000;veh_1;7.362153980054556E12;SAFE
697100900000;veh_0;Infinity;SAFE
697500900000;veh_1;7.362153980054556E12;SAFE
698001900000;veh_1;7.362153980054556E12;SAFE
698501900000;veh_1;7.362153980054556E12;SAFE
699000900000;veh_1;7.362153980054556E12;SAFE
699100400000;veh_0;Infinity;SAFE
699500400000;veh_1;7.362153980054556E12;SAFE
700001900000;veh_1;7.362153980054556E12;SAFE
700501900000;veh_1;7.362153980054556E12;SAFE
701000900000;veh_1;7.362153980054556E12;SAFE
701102400000;veh_0;Infinity;SAFE
701501400000;veh_1;7.362153980054556E12;SAFE
702000400000;veh_1;7.362153980054556E12;SAFE
702500900000;veh_1;7.362153980054556E12;SAFE
703001400000;veh_1;7.362153980054556E12;SAFE
703102400000;veh_0;Infinity;SAFE
703500400000;veh_1;7.362153980054556E12;SAFE
704001900000;veh_1;7.362153980054556E12;SAFE
704500900000;veh_1;7.362153980054556E12;SAFE
705000400000;veh_1;7.362153980054556E12;SAFE
705100900000;veh_0;Infinity;SAFE
705501900000;veh_1;7.362153980054556E12;SAFE
706001400000;veh_1;7.362153980054556E12;SAFE
706502400000;veh_1;7.362153980054556E12;SAFE
707000900000;veh_1;7.362153980054556E12;SAFE
707100400000;veh_0;Infinity;SAFE
707502400000;veh_1;7.362153980054556E12;SAFE
708001400000;veh_1;7.362153980054556E12;SAFE
708502400000;veh_1;7.362153980054556E12;SAFE
709001400000;veh_1;7.362153980054556E12;SAFE
709100900000;veh_0;Infinity;SAFE
709501400000;veh_1;7.362153980054556E12;SAFE
710001900000;veh_1;7.362153980054556E12;SAFE
710500400000;veh_1;7.362153980054556E12;SAFE
711001900000;veh_1;7.362153980054556E12;SAFE
711100400000;veh_0;Infinity;SAFE
711502400000;veh_1;7.362153980054556E12;SAFE
712000900000;veh_1;7.362153980054556E12;SAFE
712502400000;veh_1;7.362153980054556E12;SAFE
713000900000;veh_1;7.362153980054556E12;SAFE
713102400000;veh_0;Infinity;SAFE
713501400000;veh_1;7.362153980054556E12;SAFE
714001400000;veh_1;7.362153980054556E12;SAFE
714500400000;veh_1;7.362153980054556E12;SAFE
715000400000;veh_1;7.362153980054556E12;SAFE
715102400000;veh_0;Infinity;SAFE
715500900000;veh_1;7.362153980054556E12;SAFE
716002400000;veh_1;7.362153980054556E12;SAFE
716501400000;veh_1;7.362153980054556E12;SAFE
717000900000;veh_1;7.362153980054556E12;SAFE
717100900000;veh_0;Infinity;SAFE
717501900000;veh_1;7.362153980054556E12;SAFE
718000400000;veh_1;7.362153980054556E12;SAFE
718501400000;veh_1;7.362153980054556E12;SAFE
719001400000;veh_1;7.362153980054556E12;SAFE
719100900000;veh_0;Infinity;SAFE
719502400000;veh_1;7.362153980054556E12;SAFE
720000400000;veh_1;7.362153980054556E12;SAFE
720500900000;veh_1;7.362153980054556E12;SAFE
721001900000;veh_1;7.362153980054556E12;SAFE
721101400000;veh_0;Infinity;SAFE
721501900000;veh_1;7.362153980054556E12;SAFE
722001400000;veh_1;7.362153980054556E12;SAFE
722501900000;veh_1;7.362153980054556E12;SAFE
723000400000;veh_1;7.362153980054556E12;SAFE
723100900000;veh_0;Infinity;SAFE
723500900000;veh_1;7.362153980054556E12;SAFE
724000900000;veh_1;7.362153980054556E12;SAFE
724502400000;veh_1;7.362153980054556E12;SAFE
725000400000;veh_1;7.362153980054556E12;SAFE
725101400000;veh_0;Infinity;SAFE
725501400000;veh_1;7.362153980054556E12;SAFE
726000900000;veh_1;7.362153980054556E12;SAFE
726500400000;veh_1;7.362153980054556E12;SAFE
727000900000;veh_1;7.362153980054556E12;SAFE
727100900000;veh_0;Infinity;SAFE
727502400000;veh_1;7.362153980054556E12;SAFE
728002400000;veh_1;7.362153980054556E12;SAFE
728501400000;veh_1;7.362153980054556E12;SAFE
729001400000;veh_1;7.362153980054556E12;SAFE
729100900000;veh_0;Infinity;SAFE
729500900000;veh_1;7.362153980054556E12;SAFE
730001400000;veh_1;7.362153980054556E12;SAFE
730500400000;veh_1;7.362153980054556E12;SAFE
731000900000;veh_1;7.362153980054556E12;SAFE
731101900000;veh_0;Infinity;SAFE
731500400000;veh_1;7.362153980054556E12;SAFE
732000400000;veh_1;7.362153980054556E12;SAFE
732501400000;veh_1;7.362153980054556E12;SAFE
733001900000;veh_1;7.362153980054556E12;SAFE
733102400000;veh_0;Infinity;SAFE
733501400000;veh_1;7.362153980054556E12;SAFE
734002400000;veh_1;7.362153980054556E12;SAFE
734500900000;veh_1;7.362153980054556E12;SAFE
735001400000;veh_1;7.362153980054556E12;SAFE
735102400000;veh_0;Infinity;SAFE
735500400000;veh_1;7.362153980054556E12;SAFE
736000400000;veh_1;7.362153980054556E12;SAFE
736502400000;veh_1;7.362153980054556E12;SAFE
737000400000;veh_1;7.362153980054556E12;SAFE
737101400000;veh_0;Infinity;SAFE
737502400000;veh_1;7.362153980054556E12;SAFE
738001900000;veh_1;7.362153980054556E12;SAFE
738501400000;veh_1;7.362153980054556E12;SAFE
739001400000;veh_1;7.362153980054556E12;SAFE
739101900000;veh_0;Infinity;SAFE
739501400000;veh_1;7.362153980054556E12;SAFE
740001900000;veh_1;7.362153980054556E12;SAFE
740500900000;veh_1;7.362153980054556E12;SAFE
741002400000;veh_1;7.362153980054556E12;SAFE
741101900000;veh_0;Infinity;SAFE
741501900000;veh_1;7.362153980054556E12;SAFE
742002400000;veh_1;7.362153980054556E12;SAFE
742502400000;veh_1;7.362153980054556E12;SAFE
743000900000;veh_1;7.362153980054556E12;SAFE
743100400000;veh_0;Infinity;SAFE
743500900000;veh_1;7.362153980054556E12;SAFE
744000400000;veh_1;7.362153980054556E12;SAFE
744500400000;veh_1;7.362153980054556E12;SAFE
745001900000;veh_1;7.362153980054556E12;SAFE
745100400000;veh_0;Infinity;SAFE
745501400000;veh_1;7.362153980054556E12;SAFE
746001900000;veh_1;7.362153980054556E12;SAFE
746502400000;veh_1;7.362153980054556E12;SAFE
747001400000;veh_1;7.362153980054556E12;SAFE
747102400000;veh_0;Infinity;SAFE
747501400000;veh_1;7.362153980054556E12;SAFE
748001900000;veh_1;7.362153980054556E12;SAFE
748500900000;veh_1;7.362153980054556E12;SAFE
749001900000;veh_1;7.362153980054556E12;SAFE
749102400000;veh_0;Infinity;SAFE
749501900000;veh_1;7.362153980054556E12;SAFE
750002400000;veh_1;7.362153980054556E12;SAFE
750502400000;veh_1;7.362153980054556E12;SAFE
751001400000;veh_1;7.362153980054556E12;SAFE
751101400000;veh_0;Infinity;SAFE
751500400000;veh_1;7.362153980054556E12;SAFE
752002400000;veh_1;7.362153980054556E12;SAFE
752500900000;veh_1;7.362153980054556E12;SAFE
753000400000;veh_1;7.362153980054556E12;SAFE
753100400000;veh_0;Infinity;SAFE
753500400000;veh_1;7.362153980054556E12;SAFE
754001900000;veh_1;7.362153980054556E12;SAFE
754501900000;veh_1;7.362153980054556E12;SAFE
755000900000;veh_1;7.362153980054556E12;SAFE
755102400000;veh_0;Infinity;SAFE
755500400000;veh_1;7.362153980054556E12;SAFE
756002400000;veh_1;7.362153980054556E12;SAFE
756500900000;veh_1;7.362153980054556E12;SAFE
757001900000;veh_1;7.362153980054556E12;SAFE
757101400000;veh_0;Infinity;SAFE
757501400000;veh_1;7.362153980054556E12;SAFE
758002400000;veh_1;7.362153980054556E12;SAFE
758500900000;veh_1;7.362153980054556E12;SAFE
759000900000;veh_1;7.362153980054556E12;SAFE
759101400000;veh_0;Infinity;SAFE
759500400000;veh_1;7.362153980054556E12;SAFE
760001400000;veh_1;7.362153980054556E12;SAFE
760501400000;veh_1;7.362153980054556E12;SAFE
761001400000;veh_1;7.362153980054556E12;SAFE
761100400000;veh_0;Infinity;SAFE
761500900000;veh_1;7.362153980054556E12;SAFE
762001400000;veh_1;7.362153980054556E12;SAFE
762500900000;veh_1;7.362153980054556E12;SAFE
763001900000;veh_1;7.362153980054556E12;SAFE
763101400000;veh_0;Infinity;SAFE
763500400000;veh_1;7.362153980054556E12;SAFE
764001900000;veh_1;7.362153980054556E12;SAFE
764501400000;veh_1;7.362153980054556E12;SAFE
765001400000;veh_1;7.362153980054556E12;SAFE
765101400000;veh_0;Infinity;SAFE
765501400000;veh_1;7.362153980054556E12;SAFE
766002400000;veh_1;7.362153980054556E12;SAFE
766500900000;veh_1;7.362153980054556E12;SAFE
767000900000;veh_1;7.362153980054556E12;SAFE
767100400000;veh_0;Infinity;SAFE
767502400000;veh_1;7.362153980054556E12;SAFE
768001400000;veh_1;7.362153980054556E12;SAFE
768501900000;veh_1;7.362153980054556E12;SAFE
769000900000;veh_1;7.362153980054556E12;SAFE
769101900000;veh_0;Infinity;SAFE
769502400000;veh_1;7.362153980054556E12;SAFE
770001400000;veh_1;7.362153980054556E12;SAFE
770500400000;veh_1;7.362153980054556E12;SAFE
771002400000;veh_1;7.362153980054556E12;SAFE
771101400000;veh_0;Infinity;SAFE
771500900000;veh_1;7.362153980054556E12;SAFE
772000900000;veh_1;7.362153980054556E12;SAFE
772500900000;veh_1;7.362153980054556E12;SAFE
773002400000;veh_1;7.362153980054556E12;SAFE
773100900000;veh_0;Infinity;SAFE
773501900000;veh_1;7.362153980054556E12;SAFE
774000400000;veh_1;7.362153980054556E12;SAFE
774500400000;veh_1;7.362153980054556E12;SAFE
775001900000;veh_1;7.362153980054556E12;SAFE
775101900000;veh_0;Infinity;SAFE
775501400000;veh_1;7.362153980054556E12;SAFE
776000400000;veh_1;7.362153980054556E12;SAFE
776501400000;veh_1;7.362153980054556E12;SAFE
777000900000;veh_1;7.362153980054556E12;SAFE
777102400000;veh_0;Infinity;SAFE
777501400000;veh_1;7.362153980054556E12;SAFE
778001900000;veh_1;7.362153980054556E12;SAFE
778502400000;veh_1;7.362153980054556E12;SAFE
779000900000;veh_1;7.362153980054556E12;SAFE
779101400000;veh_0;Infinity;SAFE
779502400000;veh_1;7.362153980054556E12;SAFE
780001400000;veh_1;7.362153980054556E12;SAFE
780500900000;veh_1;7.362153980054556E12;SAFE
781001400000;veh_1;7.362153980054556E12;SAFE
781100400000;veh_0;Infinity;SAFE
781501900000;veh_1;7.362153980054556E12;SAFE
782002400000;veh_1;7.362153980054556E12;SAFE
782500400000;veh_1;7.362153980054556E12;SAFE
783000900000;veh_1;7.362153980054556E12;SAFE
783100900000;veh_0;Infinity;SAFE
783502400000;veh_1;7.362153980054556E12;SAFE
784000400000;veh_1;7.362153980054556E12;SAFE
784501900000;veh_1;7.362153980054556E12;SAFE
785001400000;veh_1;7.362153980054556E12;SAFE
785102400000;veh_0;Infinity;SAFE
785501900000;veh_1;7.362153980054556E12;SAFE
786000900000;veh_1;7.362153980054556E12;SAFE
786500900000;veh_1;7.362153980054556E12;SAFE
787000900000;veh_1;7.362153980054556E12;SAFE
787100400000;veh_0;Infinity;SAFE
787501900000;veh_1;7.362153980054556E12;SAFE
788002400000;veh_1;7.362153980054556E12;SAFE
788501900000;veh_1;7.362153980054556E12;SAFE
789001400000;veh_1;7.362153980054556E12;SAFE
789101900000;veh_0;Infinity;SAFE
789501400000;veh_1;7.362153980054556E12;SAFE
790001900000;veh_1;7.362153980054556E12;SAFE
790500400000;veh_1;7.362153980054556E12;SAFE
791000400000;veh_1;7.362153980054556E12;SAFE
791102400000;veh_0;Infinity;SAFE
791500900000;veh_1;7.362153980054556E12;SAFE
792000400000;veh_1;7.362153980054556E12;SAFE
792501900000;veh_1;7.362153980054556E12;SAFE
793000400000;veh_1;7.362153980054556E12;SAFE
793101900000;veh_0;Infinity;SAFE
793500400000;veh_1;7.362153980054556E12;SAFE
794000900000;veh_1;7.362153980054556E12;SAFE
794501900000;veh_1;7.362153980054556E12;SAFE
795000900000;veh_1;7.362153980054556E12;SAFE
795101900000;veh_0;Infinity;SAFE
795501400000;veh_1;7.362153980054556E12;SAFE
796001900000;veh_1;7.362153980054556E12;SAFE
796501400000;veh_1;7.362153980054556E12;SAFE
797000900000;veh_1;7.362153980054556E12;SAFE
797100400000;veh_0;Infinity;SAFE
797500900000;veh_1;7.362153980054556E12;SAFE
798000900000;veh_1;7.362153980054556E12;SAFE
798502400000;veh_1;7.362153980054556E12;SAFE
799000900000;veh_1;7.362153980054556E12;SAFE
799101900000;veh_0;Infinity;SAFE
799500400000;veh_1;7.362153980054556E12;SAFE
800002400000;veh_1;7.362153980054556E12;SAFE
800502400000;veh_1;7.362153980054556E12;SAFE
801000400000;veh_1;7.362153980054556E12;SAFE
801100400000;veh_0;Infinity;SAFE
801501900000;veh_1;7.362153980054556E12;SAFE
802000900000;veh_1;7.362153980054556E12;SAFE
802501400000;veh_1;7.362153980054556E12;SAFE
803002400000;veh_1;7.362153980054556E12;SAFE
803101900000;veh_0;Infinity;SAFE
803500900000;veh_1;7.362153980054556E12;SAFE
804000900000;veh_1;7.362153980054556E12;SAFE
804500400000;veh_1;7.362153980054556E12;SAFE
805002400000;veh_1;7.362153980054556E12;SAFE
805101400000;veh_0;Infinity;SAFE
805500400000;veh_1;7.362153980054556E12;SAFE
806000900000;veh_1;7.362153980054556E12;SAFE
806501900000;veh_1;7.362153980054556E12;SAFE
807000900000;veh_1;7.362153980054556E12;SAFE
807100400000;veh_0;Infinity;SAFE
807501400000;veh_1;7.362153980054556E12;SAFE
808002400000;veh_1;7.362153980054556E12;SAFE
808501900000;veh_1;7.362153980054556E12;SAFE
809001900000;veh_1;7.362153980054556E12;SAFE
809101400000;veh_0;Infinity;SAFE
809501900000;veh_1;7.362153980054556E12;SAFE
810001900000;veh_1;7.362153980054556E12;SAFE
810501900000;veh_1;7.362153980054556E12;SAFE
811002400000;veh_1;7.362153980054556E12;SAFE
811101400000;veh_0;Infinity;SAFE
811501400000;veh_1;7.362153980054556E12;SAFE
812001400000;veh_1;7.362153980054556E12;SAFE
812502400000;veh_1;7.362153980054556E12;SAFE
813000900000;veh_1;7.362153980054556E12;SAFE
813100900000;veh_0;Infinity;SAFE
813501900000;veh_1;7.362153980054556E12;SAFE
814001900000;veh_1;7.362153980054556E12;SAFE
814501900000;veh_1;7.362153980054556E12;SAFE
815002400000;veh_1;7.362153980054556E12;SAFE
815101400000;veh_0;Infinity;SAFE
815500400000;veh_1;7.362153980054556E12;SAFE
816001400000;veh_1;7.362153980054556E12;SAFE
816500400000;veh_1;7.362153980054556E12;SAFE
817001900000;veh_1;7.362153980054556E12;SAFE
817101900000;veh_0;Infinity;SAFE
817500900000;veh_1;7.362153980054556E12;SAFE
818001400000;veh_1;7.362153980054556E12;SAFE
818500900000;veh_1;7.362153980054556E12;SAFE
819001900000;veh_1;7.362153980054556E12;SAFE
819101900000;veh_0;Infinity;SAFE
819502400000;veh_1;7.362153980054556E12;SAFE
820000400000;veh_1;7.362153980054556E12;SAFE
820500400000;veh_1;7.362153980054556E12;SAFE
821000400000;veh_1;7.362153980054556E12;SAFE
821100400000;veh_0;Infinity;SAFE
821502400000;veh_1;7.362153980054556E12;SAFE
822001900000;veh_1;7.362153980054556E12;SAFE
822500400000;veh_1;7.362153980054556E12;SAFE
823002400000;veh_1;7.362153980054556E12;SAFE
823100900000;veh_0;Infinity;SAFE
823501400000;veh_1;7.362153980054556E12;SAFE
824001400000;veh_1;7.362153980054556E12;SAFE
824501900000;veh_1;7.362153980054556E12;SAFE
825001400000;veh_1;7.362153980054556E12;SAFE
825101400000;veh_0;Infinity;SAFE
825501400000;veh_1;7.362153980054556E12;SAFE
826000400000;veh_1;7.362153980054556E12;SAFE
826500400000;veh_1;7.362153980054556E12;SAFE
827001900000;veh_1;7.362153980054556E12;SAFE
827100900000;veh_0;Infinity;SAFE
827500900000;veh_1;7.362153980054556E12;SAFE
828000400000;veh_1;7.362153980054556E12;SAFE
828502400000;veh_1;7.362153980054556E12;SAFE
829001400000;veh_1;7.362153980054556E12;SAFE
829102400000;veh_0;Infinity;SAFE
829501900000;veh_1;7.362153980054556E12;SAFE
830001400000;veh_1;7.362153980054556E12;SAFE
830500400000;veh_1;7.362153980054556E12;SAFE
831001400000;veh_1;7.362153980054556E12;SAFE
831101900000;veh_0;Infinity;SAFE
831502400000;veh_1;7.362153980054556E12;SAFE
832002400000;veh_1;7.362153980054556E12;SAFE
832501900000;veh_1;7.362153980054556E12;SAFE
833001900000;veh_1;7.362153980054556E12;SAFE
833100900000;veh_0;Infinity;SAFE
833501400000;veh_1;7.362153980054556E12;SAFE
834002400000;veh_1;7.362153980054556E12;SAFE
834501900000;veh_1;7.362153980054556E12;SAFE
835002400000;veh_1;7.362153980054556E12;SAFE
835100400000;veh_0;Infinity;SAFE
835500400000;veh_1;7.362153980054556E12;SAFE
836002400000;veh_1;7.362153980054556E12;SAFE
836502400000;veh_1;7.362153980054556E12;SAFE
837001900000;veh_1;7.362153980054556E12;SAFE
837101900000;veh_0;Infinity;SAFE
837501900000;veh_1;7.362153980054556E12;SAFE
838000400000;veh_1;7.362153980054556E12;SAFE
838502400000;veh_1;7.362153980054556E12;SAFE
839001900000;veh_1;7.362153980054556E12;SAFE
839101900000;veh_0;Infinity;SAFE
839501900000;veh_1;7.362153980054556E12;SAFE
840000400000;veh_1;7.362153980054556E12;SAFE
840501400000;veh_1;7.362153980054556E12;SAFE
841000400000;veh_1;7.362153980054556E12;SAFE
841101400000;veh_0;Infinity;SAFE
841502400000;veh_1;7.362153980054556E12;SAFE
842000900000;veh_1;7.362153980054556E12;SAFE
842501900000;veh_1;7.362153980054556E12;SAFE
843000400000;veh_1;7.362153980054556E12;SAFE
843100400000;veh_0;Infinity;SAFE
843501400000;veh_1;7.362153980054556E12;SAFE
844000400000;veh_1;7.362153980054556E12;SAFE
844501900000;veh_1;7.362153980054556E12;SAFE
845001400000;veh_1;7.362153980054556E12;SAFE
845100400000;veh_0;Infinity;SAFE
845502400000;veh_1;7.362153980054556E12;SAFE
846000400000;veh_1;7.362153980054556E12;SAFE
846502400000;veh_1;7.362153980054556E12;SAFE
847001900000;veh_1;7.362153980054556E12;SAFE
847100900000;veh_0;Infinity;SAFE
847501400000;veh_1;7.362153980054556E12;SAFE
848001900000;veh_1;7.362153980054556E12;SAFE
848501400000;veh_1;7.362153980054556E12;SAFE
849000400000;veh_1;7.362153980054556E12;SAFE
849100900000;veh_0;Infinity;SAFE
849502400000;veh_1;7.362153980054556E12;SAFE
850000900000;veh_1;7.362153980054556E12;SAFE
850501900000;veh_1;7.362153980054556E12;SAFE
851000400000;veh_1;7.362153980054556E12;SAFE
851101400000;veh_0;Infinity;SAFE
851501400000;veh_1;7.362153980054556E12;SAFE
852001400000;veh_1;7.362153980054556E12;SAFE
852500400000;veh_1;7.362153980054556E12;SAFE
853000400000;veh_1;7.362153980054556E12;SAFE
853102400000;veh_0;Infinity;SAFE
853501400000;veh_1;7.362153980054556E12;SAFE
854002400000;veh_1;7.362153980054556E12;SAFE
854500400000;veh_1;7.362153980054556E12;SAFE
855002400000;veh_1;7.362153980054556E12;SAFE
855101400000;veh_0;Infinity;SAFE
855501400000;veh_1;7.362153980054556E12;SAFE
856001400000;veh_1;7.362153980054556E12;SAFE
856501400000;veh_1;7.362153980054556E12;SAFE
857002400000;veh_1;7.362153980054556E12;SAFE
857101900000;veh_0;Infinity;SAFE
857501400000;veh_1;7.362153980054556E12;SAFE
858001900000;veh_1;7.362153980054556E12;SAFE
858501900000;veh_1;7.362153980054556E12;SAFE
859000900000;veh_1;7.362153980054556E12;SAFE
859100900000;veh_0;Infinity;SAFE
859501900000;veh_1;7.362153980054556E12;SAFE
860001400000;veh_1;7.362153980054556E12;SAFE
860500400000;veh_1;7.362153980054556E12;SAFE
861000900000;veh_1;7.362153980054556E12;SAFE
861101900000;veh_0;Infinity;SAFE
861501400000;veh_1;7.362153980054556E12;SAFE
862000400000;veh_1;7.362153980054556E12;SAFE
862500900000;veh_1;7.362153980054556E12;SAFE
863001900000;veh_1;7.362153980054556E12;SAFE
863102400000;veh_0;Infinity;SAFE
863502400000;veh_1;7.362153980054556E12;SAFE
864002400000;veh_1;7.362153980054556E12;SAFE
864501900000;veh_1;7.362153980054556E12;SAFE
865000900000;veh_1;7.362153980054556E12;SAFE
865100400000;veh_0;Infinity;SAFE
865500400000;veh_1;7.362153980054556E12;SAFE
866002400000;veh_1;7.362153980054556E12;SAFE
866500400000;veh_1;7.362153980054556E12;SAFE
867002400000;veh_1;7.362153980054556E12;SAFE
867100400000;veh_0;Infinity;SAFE
867500400000;veh_1;7.362153980054556E12;SAFE
868001400000;veh_1;7.362153980054556E12;SAFE
868502400000;veh_1;7.362153980054556E12;SAFE
869001900000;veh_1;7.362153980054556E12;SAFE
869100400000;veh_0;Infinity;SAFE
869500400000;veh_1;7.362153980054556E12;SAFE
870000900000;veh_1;7.362153980054556E12;SAFE
870501400000;veh_1;7.362153980054556E12;SAFE
871000400000;veh_1;7.362153980054556E12;SAFE
871102400000;veh_0;Infinity;SAFE
871500900000;veh_1;7.362153980054556E12;SAFE
872001400000;veh_1;7.362153980054556E12;SAFE
872501400000;veh_1;7.362153980054556E12;SAFE
873001900000;veh_1;7.362153980054556E12;SAFE
873100900000;veh_0;Infinity;SAFE
873500400000;veh_1;7.362153980054556E12;SAFE
874001900000;veh_1;7.362153980054556E12;SAFE
874502400000;veh_1;7.362153980054556E12;SAFE
875000900000;veh_1;7.362153980054556E12;SAFE
875102400000;veh_0;Infinity;SAFE
875501900000;veh_1;7.362153980054556E12;SAFE
876000400000;veh_1;7.362153980054556E12;SAFE
876502400000;veh_1;7.362153980054556E12;SAFE
877002400000;veh_1;7.362153980054556E12;SAFE
877100900000;veh_0;Infinity;SAFE
877502400000;veh_1;7.362153980054556E12;SAFE
878000400000;veh_1;7.362153980054556E12;SAFE
878500400000;veh_1;7.362153980054556E12;SAFE
879000400000;veh_1;7.362153980054556E12;SAFE
879101900000;veh_0;Infinity;SAFE
879501900000;veh_1;7.362153980054556E12;SAFE
880000900000;veh_1;7.362153980054556E12;SAFE
880501900000;veh_1;7.362153980054556E12;SAFE
881001900000;veh_1;7.362153980054556E12;SAFE
881100900000;veh_0;Infinity;SAFE
881501400000;veh_1;7.362153980054556E12;SAFE
882001400000;veh_1;7.362153980054556E12;SAFE
882500900000;veh_1;7.362153980054556E12;SAFE
883000400000;veh_1;7.362153980054556E12;SAFE
883102400000;veh_0;Infinity;SAFE
883502400000;veh_1;7.362153980054556E12;SAFE
884001400000;veh_1;7.362153980054556E12;SAFE
884501400000;veh_1;7.362153980054556E12;SAFE
885001400000;veh_1;7.362153980054556E12;SAFE
885100400000;veh_0;Infinity;SAFE
885502400000;veh_1;7.362153980054556E12;SAFE
886001900000;veh_1;7.362153980054556E12;SAFE
886501400000;veh_1;7.362153980054556E12;SAFE
887002400000;veh_1;7.362153980054556E12;SAFE
887101400000;veh_0;Infinity;SAFE
887501900000;veh_1;7.362153980054556E12;SAFE
888001400000;veh_1;7.362153980054556E12;SAFE
888502400000;veh_1;7.362153980054556E12;SAFE
889001400000;veh_1;7.362153980054556E12;SAFE
889102400000;veh_0;Infinity;SAFE
889500900000;veh_1;7.362153980054556E12;SAFE
890000400000;veh_1;7.362153980054556E12;SAFE
890500400000;veh_1;7.362153980054556E12;SAFE
891002400000;veh_1;7.362153980054556E12;SAFE
891100400000;veh_0;Infinity;SAFE
891500900000;veh_1;7.362153980054556E12;SAFE
892000400000;veh_1;7.362153980054556E12;SAFE
892500900000;veh_1;7.362153980054556E12;SAFE
893000400000;veh_1;7.362153980054556E12;SAFE
893102400000;veh_0;Infinity;SAFE
893501900000;veh_1;7.362153980054556E12;SAFE
894000400000;veh_1;7.362153980054556E12;SAFE
894500400000;veh_1;7.362153980054556E12;SAFE
895000900000;veh_1;7.362153980054556E12;SAFE
895100900000;veh_0;Infinity;SAFE
895501900000;veh_1;7.362153980054556E12;SAFE
896002400000;veh_1;7.362153980054556E12;SAFE
896500900000;veh_1;7.362153980054556E12;SAFE
897002400000;veh_1;7.362153980054556E12;SAFE
897101400000;veh_0;Infinity;SAFE
897500900000;veh_1;7.362153980054556E12;SAFE
898001900000;veh_1;7.362153980054556E12;SAFE
898501400000;veh_1;7.362153980054556E12;SAFE
899000400000;veh_1;7.362153980054556E12;SAFE
899101400000;veh_0;Infinity;SAFE
899500900000;veh_1;7.362153980054556E12;SAFE
900001400000;veh_1;7.362153980054556E12;SAFE
900501400000;veh_1;7.362153980054556E12;SAFE
901001400000;veh_1;7.362153980054556E12;SAFE
901102400000;veh_0;Infinity;SAFE
901500400000;veh_1;7.362153980054556E12;SAFE
902000400000;veh_1;7.362153980054556E12;SAFE
902500900000;veh_1;7.362153980054556E12;SAFE
903001900000;veh_1;7.362153980054556E12;SAFE
903101900000;veh_0;Infinity;SAFE
903501400000;veh_1;7.362153980054556E12;SAFE
904000900000;veh_1;7.362153980054556E12;SAFE
904501900000;veh_1;7.362153980054556E12;SAFE
905000900000;veh_1;7.362153980054556E12;SAFE
905101900000;veh_0;Infinity;SAFE
905500900000;veh_1;7.362153980054556E12;SAFE
906001900000;veh_1;7.362153980054556E12;SAFE
906500900000;veh_1;7.362153980054556E12;SAFE
907000900000;veh_1;7.362153980054556E12;SAFE
907101900000;veh_0;Infinity;SAFE
907500900000;veh_1;7.362153980054556E12;SAFE
908001400000;veh_1;7.362153980054556E12;SAFE
908501900000;veh_1;7.362153980054556E12;SAFE
909001900000;veh_1;7.362153980054556E12;SAFE
909101400000;veh_0;Infinity;SAFE
909501400000;veh_1;7.362153980054556E12;SAFE
910000400000;veh_1;7.362153980054556E12;SAFE
910500900000;veh_1;7.362153980054556E12;SAFE
911001900000;veh_1;7.362153980054556E12;SAFE
911101900000;veh_0;Infinity;SAFE
911502400000;veh_1;7.362153980054556E12;SAFE
912002400000;veh_1;7.362153980054556E12;SAFE
912501400000;veh_1;7.362153980054556E12;SAFE
913001400000;veh_1;7.362153980054556E12;SAFE
913101400000;veh_0;Infinity;SAFE
913500400000;veh_1;7.362153980054556E12;SAFE
914001900000;veh_1;7.362153980054556E12;SAFE
914500400000;veh_1;7.362153980054556E12;SAFE
915000400000;veh_1;7.362153980054556E12;SAFE
915100900000;veh_0;Infinity;SAFE
915501900000;veh_1;7.362153980054556E12;SAFE
916001900000;veh_1;7.362153980054556E12;SAFE
916501900000;veh_1;7.362153980054556E12;SAFE
917002400000;veh_1;7.362153980054556E12;SAFE
917100900000;veh_0;Infinity;SAFE
917501400000;veh_1;7.362153980054556E12;SAFE
918001400000;veh_1;7.362153980054556E12;SAFE
918501900000;veh_1;7.362153980054556E12;SAFE
919000900000;veh_1;7.362153980054556E12;SAFE
919100400000;veh_0;Infinity;SAFE
919501900000;veh_1;7.362153980054556E12;SAFE
920002400000;veh_1;7.362153980054556E12;SAFE
920501900000;veh_1;7.362153980054556E12;SAFE
921000900000;veh_1;7.362153980054556E12;SAFE
921101900000;veh_0;Infinity;SAFE
921501400000;veh_1;7.362153980054556E12;SAFE
922001900000;veh_1;7.362153980054556E12;SAFE
922502400000;veh_1;7.362153980054556E12;SAFE
923000400000;veh_1;7.362153980054556E12;SAFE
923100400000;veh_0;Infinity;SAFE
923501900000;veh_1;7.362153980054556E12;SAFE
924001900000;veh_1;7.362153980054556E12;SAFE
924500900000;veh_1;7.362153980054556E12;SAFE
925000400000;veh_1;7.362153980054556E12;SAFE
925102400000;veh_0;Infinity;SAFE
925501900000;veh_1;7.362153980054556E12;SAFE
926000900000;veh_1;7.362153980054556E12;SAFE
926500900000;veh_1;7.362153980054556E12;SAFE
927001900000;veh_1;7.362153980054556E12;SAFE
927100400000;veh_0;Infinity;SAFE
927500900000;veh_1;7.362153980054556E12;SAFE
928002400000;veh_1;7.362153980054556E12;SAFE
928500400000;veh_1;7.362153980054556E12;SAFE
929002400000;veh_1;7.362153980054556E12;SAFE
929100900000;veh_0;Infinity;SAFE
929500400000;veh_1;7.362153980054556E12;SAFE
930000900000;veh_1;7.362153980054556E12;SAFE
930500400000;veh_1;7.362153980054556E12;SAFE
931001400000;veh_1;7.362153980054556E12;SAFE
931102400000;veh_0;Infinity;SAFE
931501400000;veh_1;7.362153980054556E12;SAFE
932000400000;veh_1;7.362153980054556E12;SAFE
932502400000;veh_1;7.362153980054556E12;SAFE
933002400000;veh_1;7.362153980054556E12;SAFE
933102400000;veh_0;Infinity;SAFE
933500900000;veh_1;7.362153980054556E12;SAFE
934002400000;veh_1;7.362153980054556E12;SAFE
934501400000;veh_1;7.362153980054556E12;SAFE
935001900000;veh_1;7.362153980054556E12;SAFE
935101900000;veh_0;Infinity;SAFE
935501400000;veh_1;7.362153980054556E12;SAFE
936001400000;veh_1;7.362153980054556E12;SAFE
936500400000;veh_1;7.362153980054556E12;SAFE
937000400000;veh_1;7.362153980054556E12;SAFE
937100900000;veh_0;Infinity;SAFE
937502400000;veh_1;7.362153980054556E12;SAFE
938000900000;veh_1;7.362153980054556E12;SAFE
938501400000;veh_1;7.362153980054556E12;SAFE
939000900000;veh_1;7.362153980054556E12;SAFE
939100400000;veh_0;Infinity;SAFE
939500900000;veh_1;7.362153980054556E12;SAFE
940000900000;veh_1;7.362153980054556E12;SAFE
940501400000;veh_1;7.362153980054556E12;SAFE
941001400000;veh_1;7.362153980054556E12;SAFE
941102400000;veh_0;Infinity;SAFE
941502400000;veh_1;7.362153980054556E12;SAFE
942001400000;veh_1;7.362153980054556E12;SAFE
942502400000;veh_1;7.362153980054556E12;SAFE
943000400000;veh_1;7.362153980054556E12;SAFE
943100400000;veh_0;Infinity;SAFE
943500900000;veh_1;7.362153980054556E12;SAFE
944001400000;veh_1;7.362153980054556E12;SAFE
944500900000;veh_1;7.362153980054556E12;SAFE
945000900000;veh_1;7.362153980054556E12;SAFE
945100400000;veh_0;Infinity;SAFE
945501400000;veh_1;7.362153980054556E12;SAFE
946000900000;veh_1;7.362153980054556E12;SAFE
946500400000;veh_1;7.362153980054556E12;SAFE
947001400000;veh_1;7.362153980054556E12;SAFE
947100400000;veh_0;Infinity;SAFE
947501400000;veh_1;7.362153980054556E12;SAFE
948002400000;veh_1;7.362153980054556E12;SAFE
948501400000;veh_1;7.362153980054556E12;SAFE
949000900000;veh_1;7.362153980054556E12;SAFE
949102400000;veh_0;Infinity;SAFE
949501400000;veh_1;7.362153980054556E12;SAFE
950001400000;veh_1;7.362153980054556E12;SAFE
950500900000;veh_1;7.362153980054556E12;SAFE
951001900000;veh_1;7.362153980054556E12;SAFE
951100400000;veh_0;Infinity;SAFE
951502400000;veh_1;7.362153980054556E12;SAFE
952000400000;veh_1;7.362153980054556E12;SAFE
952501900000;veh_1;7.362153980054556E12;SAFE
953002400000;veh_1;7.362153980054556E12;SAFE
953100900000;veh_0;Infinity;SAFE
953502400000;veh_1;7.362153980054556E12;SAFE
954000400000;veh_1;7.362153980054556E12;SAFE
954500400000;veh_1;7.362153980054556E12;SAFE
955000900000;veh_1;7.362153980054556E12;SAFE
955102400000;veh_0;Infinity;SAFE
955501400000;veh_1;7.362153980054556E12;SAFE
956001400000;veh_1;7.362153980054556E12;SAFE
956502400000;veh_1;7.362153980054556E12;SAFE
957001900000;veh_1;7.362153980054556E12;SAFE
957101900000;veh_0;Infinity;SAFE
957502400000;veh_1;7.362153980054556E12;SAFE
958002400000;veh_1;7.362153980054556E12;SAFE
958500400000;veh_1;7.362153980054556E12;SAFE
959000900000;veh_1;7.362153980054556E12;SAFE
959101900000;veh_0;Infinity;SAFE
959500900000;veh_1;7.362153980054556E12;SAFE
960001900000;veh_1;7.362153980054556E12;SAFE
960501400000;veh_1;7.362153980054556E12;SAFE
961000900000;veh_1;7.362153980054556E12;SAFE
961101900000;veh_0;Infinity;SAFE
961500400000;veh_1;7.362153980054556E12;SAFE
962001400000;veh_1;7.362153980054556E12;SAFE
962501400000;veh_1;7.362153980054556E12;SAFE
963001400000;veh_1;7.362153980054556E12;SAFE
963101400000;veh_0;Infinity;SAFE
963501900000;veh_1;7.362153980054556E12;SAFE
964000900000;veh_1;7.362153980054556E12;SAFE
964502400000;veh_1;7.362153980054556E12;SAFE
965001400000;veh_1;7.362153980054556E12;SAFE
965101400000;veh_0;Infinity;SAFE
965500400000;veh_1;7.362153980054556E12;SAFE
966000400000;veh_1;7.362153980054556E12;SAFE
966502400000;veh_1;7.362153980054556E12;SAFE
967001900000;veh_1;7.362153980054556E12;SAFE
967100400000;veh_0;Infinity;SAFE
967501400000;veh_1;7.362153980054556E12;SAFE
968000900000;veh_1;7.362153980054556E12;SAFE
968502400000;veh_1;7.362153980054556E12;SAFE
969000900000;veh_1;7.362153980054556E12;SAFE
969100400000;veh_0;Infinity;SAFE
969502400000;veh_1;7.362153980054556E12;SAFE
970000400000;veh_1;7.362153980054556E12;SAFE
970501900000;veh_1;7.362153980054556E12;SAFE
971001400000;veh_1;7.362153980054556E12;SAFE
971102400000;veh_0;Infinity;SAFE
971502400000;veh_1;7.362153980054556E12;SAFE
972000400000;veh_1;7.362153980054556E12;SAFE
972500400000;veh_1;7.362153980054556E12;SAFE
973001400000;veh_1;7.362153980054556E12;SAFE
973101400000;veh_0;Infinity;SAFE
973500400000;veh_1;7.362153980054556E12;SAFE
974000400000;veh_1;7.362153980054556E12;SAFE
974500900000;veh_1;7.362153980054556E12;SAFE
975001900000;veh_1;7.362153980054556E12;SAFE
975100400000;veh_0;Infinity;SAFE
975502400000;veh_1;7.362153980054556E12;SAFE
976001900000;veh_1;7.362153980054556E12;SAFE
976502400000;veh_1;7.362153980054556E12;SAFE
977001400000;veh_1;7.362153980054556E12;SAFE
977100900000;veh_0;Infinity;SAFE
977500400000;veh_1;7.362153980054556E12;SAFE
978001400000;veh_1;7.362153980054556E12;SAFE
978500400000;veh_1;7.362153980054556E12;SAFE
979000400000;veh_1;7.362153980054556E12;SAFE
979100400000;veh_0;Infinity;SAFE
979502400000;veh_1;7.362153980054556E12;SAFE
980002400000;veh_1;7.362153980054556E12;SAFE
980501900000;veh_1;7.362153980054556E12;SAFE
981002400000;veh_1;7.362153980054556E12;SAFE
981102400000;veh_0;Infinity;SAFE
981502400000;veh_1;7.362153980054556E12;SAFE
982001400000;veh_1;7.362153980054556E12;SAFE
982501400000;veh_1;7.362153980054556E12;SAFE
983002400000;veh_1;7.362153980054556E12;SAFE
983101400000;veh_0;Infinity;SAFE
983502400000;veh_1;7.362153980054556E12;SAFE
984002400000;veh_1;7.362153980054556E12;SAFE
984501400000;veh_1;7.362153980054556E12;SAFE
985001900000;veh_1;7.362153980054556E12;SAFE
985100400000;veh_0;Infinity;SAFE
985500900000;veh_1;7.362153980054556E12;SAFE
986000400000;veh_1;7.362153980054556E12;SAFE
986500900000;veh_1;7.362153980054556E12;SAFE
987002400000;veh_1;7.362153980054556E12;SAFE
987100900000;veh_0;Infinity;SAFE
987500900000;veh_1;7.362153980054556E12;SAFE
988001400000;veh_1;7.362153980054556E12;SAFE
988500900000;veh_1;7.362153980054556E12;SAFE
989002400000;veh_1;7.362153980054556E12;SAFE
989100900000;veh_0;Infinity;SAFE
989500400000;veh_1;7.362153980054556E12;SAFE
990001900000;veh_1;7.362153980054556E12;SAFE
990502400000;veh_1;7.362153980054556E12;SAFE
991002400000;veh_1;7.362153980054556E12;SAFE
991101900000;veh_0;Infinity;SAFE
991501400000;veh_1;7.362153980054556E12;SAFE
992001400000;veh_1;7.362153980054556E12;SAFE
992500900000;veh_1;7.362153980054556E12;SAFE
993000900000;veh_1;7.362153980054556E12;SAFE
993100900000;veh_0;Infinity;SAFE
993500900000;veh_1;7.362153980054556E12;SAFE
994001400000;veh_1;7.362153980054556E12;SAFE
994500400000;veh_1;7.362153980054556E12;SAFE
995000900000;veh_1;7.362153980054556E12;SAFE
995101900000;veh_0;Infinity;SAFE
995502400000;veh_1;7.362153980054556E12;SAFE
996000400000;veh_1;7.362153980054556E12;SAFE
996500900000;veh_1;7.362153980054556E12;SAFE
997002400000;veh_1;7.362153980054556E12;SAFE
997101400000;veh_0;Infinity;SAFE
997501400000;veh_1;7.362153980054556E12;SAFE
998001400000;veh_1;7.362153980054556E12;SAFE
998500400000;veh_1;7.362153980054556E12;SAFE
999000900000;veh_1;7.362153980054556E12;SAFE
999102400000;veh_0;Infinity;SAFE
999500400000;veh_1;7.362153980054556E12;SAFE
